sample,uptime_ms,elapsed_ms,elapsed_s,run,mode,x_in,y_in,heading_deg,linear_speed_ips,angular_speed_dps,battery_mv,battery_capacity_pct,missed_samples,m5_left_front_rpm,m5_left_front_target_rpm,m5_left_front_temp_c,m5_left_front_voltage_mv,m5_left_front_current_ma,m13_left_middle_rpm,m13_left_middle_target_rpm,m13_left_middle_temp_c,m13_left_middle_voltage_mv,m13_left_middle_current_ma,m12_left_back_rpm,m12_left_back_target_rpm,m12_left_back_temp_c,m12_left_back_voltage_mv,m12_left_back_current_ma,m17_right_front_rpm,m17_right_front_target_rpm,m17_right_front_temp_c,m17_right_front_voltage_mv,m17_right_front_current_ma,m14_right_middle_rpm,m14_right_middle_target_rpm,m14_right_middle_temp_c,m14_right_middle_voltage_mv,m14_right_middle_current_ma,m15_right_back_rpm,m15_right_back_target_rpm,m15_right_back_temp_c,m15_right_back_voltage_mv,m15_right_back_current_ma,m19_intake_bottom_rpm,m19_intake_bottom_target_rpm,m19_intake_bottom_temp_c,m19_intake_bottom_voltage_mv,m19_intake_bottom_current_ma,m20_intake_top_rpm,m20_intake_top_target_rpm,m20_intake_top_temp_c,m20_intake_top_voltage_mv,m20_intake_top_current_ma
0,12000,0,0.0,SYNTHETIC_EXAMPLE,autonomous,-42.0,-54.0,59.661,0.0,0.0,12777,95,0,0.0,0,35,0,65,0.0,0,35,0,65,0.0,0,35,0,65,0.0,0,35,0,65,0.0,0,35,0,65,0.0,0,35,0,65,-0.0,0,45,0,65,-0.0,0,45,0,65
1,12050,50,0.05,SYNTHETIC_EXAMPLE,autonomous,-41.9999,-54.0,59.661,0.0016,-0.0,12776,95,0,0.01,0,35,0,65,0.01,0,35,0,65,0.01,0,35,0,65,0.01,0,35,0,65,0.01,0,35,0,65,0.01,0,35,0,65,-0.0,0,45,0,65,-0.0,0,45,0,65
2,12100,100,0.1,SYNTHETIC_EXAMPLE,autonomous,-41.9995,-53.9997,59.661,0.011,-0.0,12776,95,0,0.06,0,35,1,65,0.06,0,35,1,65,0.06,0,35,1,65,0.06,0,35,1,65,0.06,0,35,1,65,0.06,0,35,1,65,-0.0,0,45,0,65,-0.0,0,45,0,65
3,12150,150,0.15,SYNTHETIC_EXAMPLE,autonomous,-41.9982,-53.9989,59.661,0.0296,-0.0,12776,95,0,0.17,0,35,3,66,0.17,0,35,3,66,0.17,0,35,3,66,0.17,0,35,3,66,0.17,0,35,3,66,0.17,0,35,3,66,-0.0,0,45,0,65,-0.0,0,45,0,65
4,12200,200,0.2,SYNTHETIC_EXAMPLE,autonomous,-41.9957,-53.9975,59.661,0.0572,-0.0,12776,95,0,0.34,0,35,7,66,0.34,0,35,7,66,0.34,0,35,7,66,0.34,0,35,7,66,0.34,0,35,7,66,0.34,0,35,7,66,-0.0,0,45,0,65,-0.0,0,45,0,65
5,12250,250,0.25,SYNTHETIC_EXAMPLE,autonomous,-41.9917,-53.9951,59.661,0.0937,-0.0,12776,95,0,0.55,0,35,11,67,0.55,0,35,11,67,0.55,0,35,11,67,0.55,0,35,11,67,0.55,0,35,11,67,0.55,0,35,11,67,-0.0,0,45,0,65,-0.0,0,45,0,65
6,12300,300,0.3,SYNTHETIC_EXAMPLE,autonomous,-41.9857,-53.9916,59.661,0.1389,-0.0,12775,95,0,0.82,0,35,16,67,0.82,0,35,16,67,0.82,0,35,16,67,0.82,0,35,16,67,0.82,0,35,16,67,0.82,0,35,16,67,-0.0,0,45,0,65,-0.0,0,45,0,65
7,12350,350,0.35,SYNTHETIC_EXAMPLE,autonomous,-41.9774,-53.9868,59.661,0.1925,-0.0,12775,95,0,1.13,0,35,23,68,1.13,0,35,23,68,1.13,0,35,23,68,1.13,0,35,23,68,1.13,0,35,23,68,1.13,0,35,23,68,-0.0,0,45,0,65,-0.0,0,45,0,65
8,12400,400,0.4,SYNTHETIC_EXAMPLE,autonomous,-41.9664,-53.9803,59.661,0.2544,-0.0001,12775,95,0,1.49,0,35,30,69,1.5,0,35,30,69,1.5,0,35,30,69,1.49,0,35,30,69,1.5,0,35,30,69,1.49,0,35,30,69,-0.0,0,45,0,65,-0.0,0,45,0,65
9,12450,450,0.45,SYNTHETIC_EXAMPLE,autonomous,-41.9524,-53.9721,59.661,0.3244,-0.0002,12774,95,0,1.91,0,35,38,70,1.91,0,35,38,70,1.91,0,35,38,70,1.91,0,35,38,70,1.91,0,35,38,70,1.91,0,35,38,70,-0.0,0,45,0,65,-0.0,0,45,0,65
10,12500,500,0.5,SYNTHETIC_EXAMPLE,autonomous,-41.935,-53.962,59.661,0.4024,-0.0003,12774,95,0,2.36,0,35,47,71,2.37,0,35,47,71,2.37,0,35,47,71,2.36,0,35,47,71,2.37,0,35,47,71,2.36,0,35,47,71,-0.0,0,45,0,65,-0.0,0,45,0,65
11,12550,550,0.55,SYNTHETIC_EXAMPLE,autonomous,-41.914,-53.9496,59.661,0.4881,-0.0005,12773,95,0,2.87,0,35,57,72,2.87,0,35,57,72,2.87,0,35,57,72,2.87,0,35,57,72,2.87,0,35,57,72,2.87,0,35,57,72,0.36,0,45,49,67,0.36,0,45,49,67
12,12600,600,0.6,SYNTHETIC_EXAMPLE,autonomous,-41.8889,-53.935,59.661,0.5814,-0.0008,12772,95,0,3.42,0,35,68,73,3.42,0,35,68,73,3.42,0,35,68,73,3.42,0,35,68,73,3.42,0,35,68,73,3.42,0,35,68,73,1.73,0,45,189,74,1.73,0,45,189,74
13,12650,650,0.65,SYNTHETIC_EXAMPLE,autonomous,-41.8594,-53.9177,59.661,0.6821,-0.0012,12771,95,0,4.01,0,35,80,74,4.01,0,35,80,74,4.01,0,35,80,74,4.01,0,35,80,74,4.01,0,35,80,74,4.01,0,35,80,74,4.56,0,45,413,86,4.56,0,45,413,86
14,12700,700,0.7,SYNTHETIC_EXAMPLE,autonomous,-41.8253,-53.8978,59.661,0.79,-0.0017,12769,95,0,4.64,0,35,93,75,4.65,0,35,93,75,4.65,0,35,93,75,4.64,0,35,93,75,4.65,0,35,93,75,4.64,0,35,93,75,9.21,0,45,711,101,9.21,0,45,711,101
15,12750,750,0.75,SYNTHETIC_EXAMPLE,autonomous,-41.7863,-53.8749,59.661,0.905,-0.0024,12767,95,0,5.32,0,35,106,76,5.32,0,35,106,76,5.32,0,35,106,76,5.32,0,35,106,76,5.32,0,35,106,76,5.32,0,35,106,76,15.9,0,45,1076,121,15.9,0,45,1076,121
16,12800,800,0.8,SYNTHETIC_EXAMPLE,autonomous,-41.742,-53.849,59.66,1.0269,-0.0033,12765,95,0,6.03,0,35,121,77,6.04,0,35,121,77,6.04,0,35,121,77,6.03,0,35,121,77,6.04,0,35,121,77,6.03,0,35,121,77,24.77,0,45,1500,144,24.77,0,45,1500,144
17,12850,850,0.85,SYNTHETIC_EXAMPLE,autonomous,-41.6921,-53.8198,59.66,1.1554,-0.0045,12762,95,0,6.79,0,35,136,78,6.79,0,35,136,78,6.79,0,35,136,78,6.79,0,35,136,78,6.79,0,35,136,78,6.79,0,35,136,78,35.85,0,45,1974,171,35.85,0,45,1974,171
18,12900,900,0.9,SYNTHETIC_EXAMPLE,autonomous,-41.6364,-53.7872,59.66,1.2905,-0.0059,12759,95,0,7.58,0,35,152,80,7.59,0,35,152,80,7.59,0,35,152,80,7.59,0,35,152,80,7.59,0,35,152,80,7.58,0,35,152,80,49.14,0,45,2489,200,49.14,0,45,2489,200
19,12950,950,0.95,SYNTHETIC_EXAMPLE,autonomous,-41.5746,-53.751,59.66,1.432,-0.0077,12755,95,0,8.42,0,35,168,81,8.42,0,35,168,81,8.42,0,35,168,81,8.42,0,35,168,81,8.42,0,35,168,81,8.41,0,35,168,81,64.55,0,45,3038,232,64.55,0,45,3038,232
20,13000,1000,1.0,SYNTHETIC_EXAMPLE,autonomous,-41.5065,-53.7111,59.659,1.5796,-0.0099,12752,95,0,9.28,0,35,186,82,9.28,0,35,186,82,9.29,0,35,186,82,9.29,0,35,186,82,9.29,0,35,186,82,9.28,0,35,186,82,81.95,0,45,3611,267,81.95,0,45,3611,267
21,13050,1050,1.05,SYNTHETIC_EXAMPLE,autonomous,-41.4317,-53.6674,59.658,1.7333,-0.0125,12748,95,0,10.19,0,35,204,84,10.18,0,35,204,84,10.19,0,35,204,84,10.2,0,35,204,84,10.19,0,35,204,84,10.18,0,35,204,84,101.17,0,45,4201,303,101.17,0,45,4201,303
22,13100,1100,1.1,SYNTHETIC_EXAMPLE,autonomous,-41.35,-53.6196,59.658,1.8929,-0.0157,12744,95,0,11.12,0,35,222,85,11.12,0,35,222,85,11.12,0,35,222,85,11.14,0,35,223,85,11.13,0,35,223,85,11.12,0,35,223,85,121.99,0,45,4800,340,121.99,0,45,4800,340
23,13150,1150,1.15,SYNTHETIC_EXAMPLE,autonomous,-41.2612,-53.5676,59.657,2.0581,-0.0195,12740,95,0,12.09,0,35,242,87,12.09,0,35,242,87,12.09,0,35,242,87,12.11,0,35,242,87,12.1,0,35,242,87,12.09,0,35,242,87,144.19,0,45,5399,378,144.19,0,45,5399,378
24,13200,1200,1.2,SYNTHETIC_EXAMPLE,autonomous,-41.165,-53.5113,59.655,2.2289,-0.0239,12736,95,0,13.09,0,35,262,88,13.09,0,35,262,88,13.1,0,35,262,88,13.12,0,35,262,88,13.1,0,35,262,88,13.1,0,35,262,88,167.47,0,45,5989,416,167.47,0,45,5989,416
25,13250,1250,1.25,SYNTHETIC_EXAMPLE,autonomous,-41.0612,-53.4505,59.654,2.405,-0.0291,12732,95,0,14.13,0,35,282,90,14.12,0,35,282,90,14.13,0,35,282,90,14.16,0,35,283,90,14.14,0,35,283,90,14.14,0,35,283,90,191.57,0,45,6562,454,191.57,0,45,6562,454
26,13300,1300,1.3,SYNTHETIC_EXAMPLE,autonomous,-40.9496,-53.3852,59.652,2.5863,-0.035,12728,95,0,15.19,0,35,304,92,15.18,0,35,304,92,15.19,0,35,304,92,15.23,0,35,304,92,15.21,0,35,304,92,15.21,0,35,304,92,216.17,0,45,7111,491,216.17,0,45,7111,491
27,13350,1350,1.35,SYNTHETIC_EXAMPLE,autonomous,-40.83,-53.3151,59.65,2.7726,-0.0419,12725,95,0,16.28,0,35,325,93,16.27,0,35,325,93,16.28,0,35,325,93,16.33,0,35,326,93,16.31,0,35,326,93,16.3,0,35,326,93,240.94,0,45,7626,526,240.94,0,45,7626,526
28,13400,1400,1.4,SYNTHETIC_EXAMPLE,autonomous,-40.7021,-53.2403,59.648,2.9638,-0.0498,12721,95,0,17.4,0,35,348,95,17.38,0,35,348,95,17.4,0,35,348,95,17.46,0,35,349,95,17.43,0,35,349,95,17.43,0,35,349,95,265.55,0,45,8100,560,265.55,0,45,8100,560
29,13450,1450,1.45,SYNTHETIC_EXAMPLE,autonomous,-40.5658,-53.1604,59.645,3.1597,-0.0588,12718,95,0,18.55,0,35,371,97,18.53,0,35,371,97,18.54,0,35,371,97,18.62,0,35,372,97,18.59,0,35,372,97,18.59,0,35,372,97,289.64,0,45,8524,591,289.64,0,45,8524,591
30,13500,1500,1.5,SYNTHETIC_EXAMPLE,autonomous,-40.4208,-53.0755,59.641,3.3601,-0.069,12715,95,0,19.72,0,35,394,98,19.7,0,35,394,98,19.72,0,35,394,98,19.81,0,35,396,99,19.77,0,35,396,99,19.77,0,35,396,99,312.86,0,45,8889,619,312.86,0,45,8889,619
31,13550,1550,1.55,SYNTHETIC_EXAMPLE,autonomous,-40.267,-52.9854,59.637,3.5648,-0.0805,12712,95,0,20.92,0,35,418,100,20.89,0,35,418,100,20.91,0,35,418,100,21.02,0,35,420,100,20.98,0,35,420,100,20.98,0,35,420,100,334.84,0,45,9188,644,334.84,0,45,9188,644
32,13600,1600,1.6,SYNTHETIC_EXAMPLE,autonomous,-40.1042,-52.89,59.633,3.7737,-0.0934,12710,95,0,22.14,0,35,442,102,22.11,0,35,442,102,22.13,0,35,442,102,22.26,0,35,445,102,22.21,0,35,445,102,22.22,0,35,445,102,355.2,0,45,9411,664,355.2,0,45,9411,664
33,13650,1650,1.65,SYNTHETIC_EXAMPLE,autonomous,-39.9323,-52.7893,59.627,3.9867,-0.1078,12707,95,0,23.38,0,35,467,104,23.35,0,35,467,104,23.37,0,35,467,104,23.52,0,35,470,104,23.47,0,35,470,104,23.48,0,35,470,104,373.55,0,45,9551,680,373.55,0,45,9551,680
34,13700,1700,1.7,SYNTHETIC_EXAMPLE,autonomous,-39.7509,-52.683,59.621,4.2034,-0.1239,12706,95,0,24.65,0,35,493,106,24.61,0,35,493,106,24.63,0,35,493,106,24.8,0,35,496,106,24.75,0,35,496,106,24.77,0,35,496,106,389.52,0,45,9600,690,389.52,0,45,9600,690
35,13750,1750,1.75,SYNTHETIC_EXAMPLE,autonomous,-39.5601,-52.5711,59.614,4.4238,-0.1417,12705,95,0,25.93,0,35,518,108,25.89,0,35,518,108,25.91,0,35,518,108,26.11,0,35,522,108,26.06,0,35,522,108,26.07,0,35,522,108,403.09,0,45,9600,697,403.09,0,45,9600,697
36,13800,1800,1.8,SYNTHETIC_EXAMPLE,autonomous,-39.3597,-52.4536,59.606,4.6477,-0.1614,12703,95,0,27.23,0,35,544,110,27.19,0,35,544,110,27.22,0,35,544,110,27.44,0,35,548,110,27.39,0,35,548,110,27.4,0,35,548,110,414.63,0,45,9600,703,414.63,0,45,9600,703
37,13850,1850,1.85,SYNTHETIC_EXAMPLE,autonomous,-39.1494,-52.3302,59.597,4.8749,-0.1831,12702,95,0,28.55,0,35,571,112,28.51,0,35,571,112,28.53,0,35,571,112,28.79,0,35,575,112,28.73,0,35,575,112,28.76,0,35,575,112,424.43,0,45,9600,708,424.43,0,45,9600,708
38,13900,1900,1.9,SYNTHETIC_EXAMPLE,autonomous,-38.9293,-52.201,59.586,5.1052,-0.2069,12701,95,0,29.89,0,35,597,114,29.85,0,35,597,113,29.87,0,35,597,113,30.16,0,35,603,114,30.1,0,35,603,114,30.13,0,35,603,114,432.77,0,45,9600,713,432.77,0,45,9600,713
39,13950,1950,1.95,SYNTHETIC_EXAMPLE,autonomous,-38.6991,-52.0659,59.575,5.3384,-0.233,12700,95,0,31.24,0,35,625,116,31.2,0,35,625,115,31.22,0,35,625,115,31.54,0,35,630,116,31.49,0,35,630,116,31.52,0,35,630,116,439.85,0,45,9600,716,439.85,0,45,9600,716
40,14000,2000,2.0,SYNTHETIC_EXAMPLE,autonomous,-38.4588,-51.9247,59.562,5.5744,-0.2615,12700,95,0,32.61,0,35,652,117,32.57,0,35,652,117,32.59,0,35,652,117,32.95,0,35,658,118,32.89,0,35,658,118,32.92,0,35,658,118,445.88,0,45,9600,719,445.88,0,45,9600,719
41,14050,2050,2.05,SYNTHETIC_EXAMPLE,autonomous,-38.2082,-51.7774,59.547,5.8129,-0.2926,12699,95,0,33.99,0,35,680,119,33.95,0,35,680,119,33.97,0,35,680,119,34.37,0,35,687,120,34.32,0,35,687,120,34.35,0,35,687,120,450.99,0,45,9600,722,450.99,0,45,9600,722
42,14100,2100,2.1,SYNTHETIC_EXAMPLE,autonomous,-37.9473,-51.624,59.531,6.0538,-0.3264,12698,95,0,35.38,0,35,707,121,35.34,0,35,707,121,35.36,0,35,707,121,35.8,0,35,716,122,35.75,0,35,716,122,35.79,0,35,716,122,455.35,0,45,9600,724,455.35,0,45,9600,724
43,14150,2150,2.15,SYNTHETIC_EXAMPLE,autonomous,-37.676,-51.4643,59.512,6.2968,-0.363,12697,95,0,36.78,0,35,736,124,36.74,0,35,736,123,36.76,0,35,736,123,37.25,0,35,745,124,37.21,0,35,745,124,37.24,0,35,745,124,459.04,0,45,9600,726,459.04,0,45,9600,726
44,14200,2200,2.2,SYNTHETIC_EXAMPLE,autonomous,-37.3941,-51.2983,59.492,6.5417,-0.4026,12696,95,0,38.2,0,35,764,126,38.16,0,35,764,125,38.17,0,35,764,125,38.71,0,35,774,127,38.67,0,35,774,126,38.71,0,35,774,127,462.19,0,45,9600,728,462.19,0,45,9600,728
45,14250,2250,2.25,SYNTHETIC_EXAMPLE,autonomous,-37.1017,-51.1259,59.47,6.7884,-0.4454,12695,95,0,39.61,0,35,792,128,39.58,0,35,792,128,39.59,0,35,792,128,40.19,0,35,803,129,40.15,0,35,803,129,40.19,0,35,803,129,464.86,0,45,9600,729,464.86,0,45,9600,729
46,14300,2300,2.3,SYNTHETIC_EXAMPLE,autonomous,-36.7987,-50.9471,59.446,7.0366,-0.4915,12694,95,0,41.04,0,35,821,130,41.01,0,35,821,130,41.02,0,35,821,130,41.67,0,35,833,131,41.64,0,35,833,131,41.68,0,35,833,131,467.13,0,45,9600,730,467.13,0,45,9600,730
47,14350,2350,2.35,SYNTHETIC_EXAMPLE,autonomous,-36.485,-50.7619,59.418,7.2861,-0.5411,12694,95,0,42.47,0,35,850,132,42.44,0,35,850,132,42.45,0,35,850,132,43.16,0,35,863,133,43.14,0,35,863,133,43.18,0,35,863,133,469.06,0,45,9600,731,469.06,0,45,9600,731
48,14400,2400,2.4,SYNTHETIC_EXAMPLE,autonomous,-36.1607,-50.5701,59.389,7.5366,-0.5944,12693,95,0,43.91,0,35,878,134,43.89,0,35,878,134,43.88,0,35,878,134,44.66,0,35,893,135,44.65,0,35,893,135,44.69,0,35,893,135,470.7,0,45,9600,732,470.7,0,45,9600,732
49,14450,2450,2.45,SYNTHETIC_EXAMPLE,autonomous,-35.8256,-50.3717,59.356,7.788,-0.6514,12692,95,0,45.34,0,35,907,136,45.33,0,35,907,136,45.32,0,35,907,136,46.17,0,35,923,137,46.17,0,35,923,137,46.21,0,35,923,137,472.1,0,45,9600,733,472.1,0,45,9600,733
50,14500,2500,2.5,SYNTHETIC_EXAMPLE,autonomous,-35.4798,-50.1667,59.321,8.04,-0.7125,12692,95,0,46.78,0,35,936,138,46.77,0,35,936,138,46.76,0,35,936,138,47.69,0,35,954,139,47.69,0,35,954,139,47.73,0,35,954,139,473.28,0,45,9600,734,473.28,0,45,9600,734
51,14550,2550,2.55,SYNTHETIC_EXAMPLE,autonomous,-35.1233,-49.955,59.282,8.2924,-0.7777,12691,95,0,48.22,0,35,965,140,48.22,0,35,965,140,48.2,0,35,965,140,49.2,0,35,984,141,49.22,0,35,984,142,49.26,0,35,984,142,474.29,0,45,9600,734,474.29,0,45,9600,734
52,14600,2600,2.6,SYNTHETIC_EXAMPLE,autonomous,-34.7561,-49.7366,59.239,8.5449,-0.8474,12690,95,0,49.66,0,35,994,142,49.66,0,35,994,142,49.64,0,35,994,142,50.72,0,35,1015,144,50.75,0,35,1015,144,50.78,0,35,1015,144,475.15,0,45,9600,734,475.15,0,45,9600,734
53,14650,2650,2.65,SYNTHETIC_EXAMPLE,autonomous,-34.3782,-49.5115,59.193,8.7972,-0.9215,12689,95,0,51.09,0,35,1023,144,51.1,0,35,1023,144,51.08,0,35,1023,144,52.25,0,35,1045,146,52.29,0,35,1045,146,52.32,0,35,1045,146,475.87,0,45,9600,735,475.87,0,45,9600,735
54,14700,2700,2.7,SYNTHETIC_EXAMPLE,autonomous,-33.9897,-49.2796,59.143,9.0491,-1.0005,12689,95,0,52.52,0,35,1051,146,52.54,0,35,1051,146,52.51,0,35,1051,146,53.77,0,35,1076,148,53.82,0,35,1076,148,53.85,0,35,1076,148,476.49,0,45,9600,735,476.49,0,45,9600,735
55,14750,2750,2.75,SYNTHETIC_EXAMPLE,autonomous,-33.5906,-49.0409,59.089,9.3003,-1.0844,12688,95,0,53.94,0,35,1080,148,53.97,0,35,1080,148,53.93,0,35,1080,148,55.29,0,35,1106,150,55.35,0,35,1106,150,55.38,0,35,1106,150,477.02,0,45,9600,735,477.02,0,45,9600,735
56,14800,2800,2.8,SYNTHETIC_EXAMPLE,autonomous,-33.181,-48.7954,59.03,9.5506,-1.1735,12687,95,0,55.35,0,35,1108,150,55.39,0,35,1108,150,55.35,0,35,1108,150,56.81,0,35,1137,152,56.88,0,35,1137,152,56.9,0,35,1137,152,477.47,0,45,9600,736,477.47,0,45,9600,736
57,14850,2850,2.85,SYNTHETIC_EXAMPLE,autonomous,-32.761,-48.543,58.967,9.7997,-1.2679,12687,95,0,56.75,0,35,1136,151,56.8,0,35,1136,152,56.76,0,35,1136,151,58.33,0,35,1167,154,58.41,0,35,1167,154,58.42,0,35,1167,154,477.85,0,45,9600,736,477.85,0,45,9600,736
58,14900,2900,2.9,SYNTHETIC_EXAMPLE,autonomous,-32.3307,-48.2838,58.898,10.0472,-1.368,12686,95,0,58.14,0,35,1164,153,58.2,0,35,1164,153,58.15,0,35,1164,153,59.84,0,35,1198,156,59.93,0,35,1198,157,59.94,0,35,1198,156,478.17,0,45,9600,736,478.17,0,45,9600,736
59,14950,2950,2.95,SYNTHETIC_EXAMPLE,autonomous,-31.8902,-48.0177,58.825,10.2929,-1.4739,12686,95,0,59.52,0,35,1192,155,59.58,0,35,1192,155,59.53,0,35,1192,155,61.34,0,35,1228,158,61.45,0,35,1228,159,61.45,0,35,1228,159,478.44,0,45,9600,736,478.44,0,45,9600,736
60,15000,3000,3.0,SYNTHETIC_EXAMPLE,autonomous,-31.4396,-47.7446,58.746,10.5366,-1.5859,12685,95,0,60.88,0,35,1219,157,60.95,0,35,1219,157,60.9,0,35,1219,157,62.84,0,35,1258,160,62.95,0,35,1258,161,62.95,0,35,1258,161,478.68,0,45,9600,736,478.68,0,45,9600,736
61,15050,3050,3.05,SYNTHETIC_EXAMPLE,autonomous,-30.9792,-47.4647,58.66,10.7778,-1.7042,12684,95,0,62.22,0,35,1246,159,62.3,0,35,1246,159,62.24,0,35,1246,159,64.33,0,35,1288,162,64.45,0,35,1288,163,64.43,0,35,1288,163,478.88,0,45,9600,736,478.88,0,45,9600,736
62,15100,3100,3.1,SYNTHETIC_EXAMPLE,autonomous,-30.5089,-47.1778,58.569,11.0163,-1.8291,12684,95,0,63.55,0,35,1272,161,63.63,0,35,1272,161,63.57,0,35,1272,161,65.8,0,35,1317,164,65.93,0,35,1317,165,65.91,0,35,1317,165,479.04,0,45,9600,737,479.04,0,45,9600,737
63,15150,3150,3.15,SYNTHETIC_EXAMPLE,autonomous,-30.0292,-46.8841,58.471,11.2518,-1.9609,12683,95,0,64.85,0,35,1298,162,64.94,0,35,1298,162,64.88,0,35,1298,162,67.26,0,35,1347,166,67.39,0,35,1347,167,67.37,0,35,1347,167,479.19,0,45,9600,737,479.19,0,45,9600,737
64,15200,3200,3.2,SYNTHETIC_EXAMPLE,autonomous,-29.54,-46.5834,58.366,11.4839,-2.0998,12682,95,0,66.13,0,35,1324,164,66.23,0,35,1324,164,66.16,0,35,1324,164,68.71,0,35,1376,168,68.85,0,35,1376,169,68.82,0,35,1376,169,479.31,0,45,9600,737,479.31,0,45,9600,737
65,15250,3250,3.25,SYNTHETIC_EXAMPLE,autonomous,-29.0417,-46.2757,58.253,11.7124,-2.2461,12682,95,0,67.39,0,35,1349,166,67.49,0,35,1349,166,67.42,0,35,1349,166,70.14,0,35,1404,170,70.28,0,35,1404,171,70.24,0,35,1404,170,479.41,0,45,9600,737,479.41,0,45,9600,737
66,15300,3300,3.3,SYNTHETIC_EXAMPLE,autonomous,-28.5345,-45.9612,58.133,11.9368,-2.4001,12681,95,0,68.61,0,35,1373,167,68.72,0,35,1373,167,68.65,0,35,1373,167,71.55,0,35,1432,172,71.69,0,35,1432,172,71.65,0,35,1432,172,479.5,0,45,9600,737,479.5,0,45,9600,737
67,15350,3350,3.35,SYNTHETIC_EXAMPLE,autonomous,-28.0186,-45.6397,58.005,12.157,-2.5622,12681,95,0,69.81,0,35,1397,169,69.92,0,35,1397,169,69.85,0,35,1397,169,72.94,0,35,1460,174,73.09,0,35,1460,174,73.04,0,35,1460,174,479.58,0,45,9600,737,479.58,0,45,9600,737
68,15400,3400,3.4,SYNTHETIC_EXAMPLE,autonomous,-27.4943,-45.3113,57.869,12.3725,-2.7327,12680,95,0,70.98,0,35,1420,170,71.08,0,35,1420,170,71.02,0,35,1420,170,74.32,0,35,1488,176,74.46,0,35,1488,176,74.4,0,35,1488,176,479.64,0,45,9600,737,479.64,0,45,9600,737
69,15450,3450,3.45,SYNTHETIC_EXAMPLE,autonomous,-26.962,-44.976,57.723,12.583,-2.9119,12680,95,0,72.11,0,35,1443,172,72.21,0,35,1443,172,72.16,0,35,1443,172,75.66,0,35,1515,178,75.8,0,35,1515,178,75.74,0,35,1515,178,479.69,0,45,9600,737,479.69,0,45,9600,737
70,15500,3500,3.5,SYNTHETIC_EXAMPLE,autonomous,-26.4218,-44.6338,57.568,12.7882,-3.1001,12679,95,0,73.2,0,35,1465,173,73.31,0,35,1465,173,73.25,0,35,1465,173,76.99,0,35,1541,179,77.12,0,35,1541,180,77.06,0,35,1541,179,479.74,0,45,9600,737,479.74,0,45,9600,737
71,15550,3550,3.55,SYNTHETIC_EXAMPLE,autonomous,-25.8742,-44.2848,57.403,12.9877,-3.2979,12679,95,0,74.26,0,35,1486,174,74.36,0,35,1486,174,74.31,0,35,1486,174,78.28,0,35,1567,181,78.41,0,35,1567,181,78.34,0,35,1567,181,479.78,0,45,9600,737,479.78,0,45,9600,737
72,15600,3600,3.6,SYNTHETIC_EXAMPLE,autonomous,-25.3195,-43.9289,57.228,13.1813,-3.5055,12678,95,0,75.28,0,35,1506,175,75.38,0,35,1506,176,75.33,0,35,1506,176,79.55,0,35,1592,183,79.67,0,35,1592,183,79.6,0,35,1592,183,479.81,0,45,9600,737,479.81,0,45,9600,737
73,15650,3650,3.65,SYNTHETIC_EXAMPLE,autonomous,-24.7581,-43.5661,57.042,13.3686,-3.7233,12678,95,0,76.25,0,35,1525,177,76.34,0,35,1525,177,76.3,0,35,1525,177,80.79,0,35,1617,184,80.9,0,35,1617,184,80.83,0,35,1617,184,479.84,0,45,9600,737,479.84,0,45,9600,737
74,15700,3700,3.7,SYNTHETIC_EXAMPLE,autonomous,-24.1903,-43.1966,56.844,13.5492,-3.9519,12677,95,0,77.18,0,35,1544,178,77.27,0,35,1544,178,77.23,0,35,1544,178,82.0,0,35,1641,186,82.1,0,35,1641,186,82.02,0,35,1641,186,479.86,0,45,9600,737,479.86,0,45,9600,737
75,15750,3750,3.75,SYNTHETIC_EXAMPLE,autonomous,-23.6165,-42.8203,56.635,13.7229,-4.1917,12677,95,0,78.06,0,35,1561,179,78.14,0,35,1561,179,78.11,0,35,1561,179,83.17,0,35,1664,187,83.26,0,35,1664,187,83.18,0,35,1664,187,479.88,0,45,9600,737,479.88,0,45,9600,737
76,15800,3800,3.8,SYNTHETIC_EXAMPLE,autonomous,-23.0372,-42.4373,56.412,13.8894,-4.4431,12676,95,0,78.89,0,35,1578,180,78.96,0,35,1578,180,78.94,0,35,1578,180,84.31,0,35,1687,189,84.39,0,35,1687,189,84.31,0,35,1687,189,479.9,0,45,9600,737,479.9,0,45,9600,737
77,15850,3850,3.85,SYNTHETIC_EXAMPLE,autonomous,-22.4529,-42.0475,56.177,14.0483,-4.7066,12676,95,0,79.67,0,35,1593,180,79.74,0,35,1593,180,79.72,0,35,1593,180,85.42,0,35,1709,190,85.48,0,35,1709,190,85.4,0,35,1709,190,479.92,0,45,9600,737,479.92,0,45,9600,737
78,15900,3900,3.9,SYNTHETIC_EXAMPLE,autonomous,-21.8639,-41.651,55.928,14.1994,-4.9828,12676,95,0,80.4,0,35,1608,181,80.45,0,35,1608,181,80.44,0,35,1608,181,86.48,0,35,1730,191,86.53,0,35,1730,191,86.45,0,35,1730,191,479.93,0,45,9600,737,479.93,0,45,9600,737
79,15950,3950,3.95,SYNTHETIC_EXAMPLE,autonomous,-21.2708,-41.2479,55.664,14.3424,-5.2723,12675,95,0,81.07,0,35,1621,182,81.11,0,35,1621,182,81.11,0,35,1621,182,87.51,0,35,1751,193,87.54,0,35,1751,193,87.46,0,35,1751,193,479.94,0,45,9600,737,479.94,0,45,9600,737
80,16000,4000,4.0,SYNTHETIC_EXAMPLE,autonomous,-20.6741,-40.8382,55.386,14.477,-5.5755,12675,95,0,81.68,0,35,1633,182,81.71,0,35,1633,182,81.72,0,35,1633,182,88.49,0,35,1770,194,88.5,0,35,1770,194,88.43,0,35,1770,194,479.95,0,45,9600,737,479.95,0,45,9600,737
81,16050,4050,4.05,SYNTHETIC_EXAMPLE,autonomous,-20.0743,-40.4219,55.091,14.6029,-5.893,12675,95,0,82.23,0,35,1644,183,82.25,0,35,1644,183,82.27,0,35,1644,183,89.44,0,35,1789,195,89.43,0,35,1789,195,89.36,0,35,1789,195,479.96,0,45,9600,737,479.96,0,45,9600,737
82,16100,4100,4.1,SYNTHETIC_EXAMPLE,autonomous,-19.4718,-39.9991,54.78,14.72,-6.2256,12674,95,0,82.72,0,35,1653,183,82.73,0,35,1653,183,82.75,0,35,1653,183,90.34,0,35,1807,196,90.31,0,35,1807,196,90.25,0,35,1807,196,479.96,0,45,9600,737,479.96,0,45,9600,737
83,16150,4150,4.15,SYNTHETIC_EXAMPLE,autonomous,-18.8674,-39.5698,54.451,14.828,-6.5737,12674,95,0,83.15,0,35,1662,184,83.14,0,35,1662,183,83.17,0,35,1662,184,91.2,0,35,1824,197,91.15,0,35,1824,197,91.09,0,35,1824,197,479.97,0,45,9600,737,479.97,0,45,9600,737
84,16200,4200,4.2,SYNTHETIC_EXAMPLE,autonomous,-18.2614,-39.134,54.104,14.9266,-6.9381,12674,95,0,83.51,0,35,1669,184,83.49,0,35,1669,184,83.53,0,35,1669,184,92.01,0,35,1840,198,91.95,0,35,1840,198,91.9,0,35,1840,198,479.97,0,45,9600,737,479.97,0,45,9600,737
85,16250,4250,4.25,SYNTHETIC_EXAMPLE,autonomous,-17.6546,-38.6919,53.738,15.0158,-7.3194,12674,95,0,83.8,0,35,1675,184,83.78,0,35,1675,184,83.82,0,35,1675,184,92.78,0,35,1855,199,92.7,0,35,1855,199,92.65,0,35,1855,198,479.98,0,45,9600,737,479.98,0,45,9600,737
86,16300,4300,4.3,SYNTHETIC_EXAMPLE,autonomous,-17.0475,-38.2435,53.352,15.0954,-7.7184,12673,95,0,84.03,0,35,1679,184,83.99,0,35,1679,184,84.04,0,35,1679,184,93.5,0,35,1869,200,93.4,0,35,1869,199,93.36,0,35,1869,199,479.98,0,45,9600,737,479.98,0,45,9600,737
87,16350,4350,4.35,SYNTHETIC_EXAMPLE,autonomous,-16.4408,-37.7887,52.945,15.1652,-8.1356,12673,95,0,84.19,0,35,1682,184,84.14,0,35,1682,184,84.19,0,35,1682,184,94.18,0,35,1882,200,94.06,0,35,1882,200,94.03,0,35,1882,200,479.98,0,45,9600,737,479.98,0,45,9600,737
88,16400,4400,4.4,SYNTHETIC_EXAMPLE,autonomous,-15.8349,-37.3277,52.517,15.2252,-8.5717,12673,95,0,84.28,0,35,1684,183,84.21,0,35,1684,183,84.27,0,35,1684,183,94.8,0,35,1895,201,94.68,0,35,1895,201,94.65,0,35,1895,201,479.99,0,45,9600,737,479.99,0,45,9600,737
89,16450,4450,4.45,SYNTHETIC_EXAMPLE,autonomous,-15.2307,-36.8606,52.065,15.2753,-9.0276,12673,95,0,84.29,0,35,1684,183,84.22,0,35,1684,183,84.28,0,35,1684,183,95.39,0,35,1906,201,95.25,0,35,1906,201,95.23,0,35,1906,201,479.99,0,45,9600,737,479.99,0,45,9600,737
90,16500,4500,4.5,SYNTHETIC_EXAMPLE,autonomous,-14.6287,-36.3874,51.59,15.3154,-9.5038,12673,95,0,84.24,0,35,1683,183,84.15,0,35,1683,183,84.22,0,35,1683,183,95.92,0,35,1917,202,95.77,0,35,1917,202,95.76,0,35,1917,202,479.99,0,45,9600,737,479.99,0,45,9600,737
91,16550,4550,4.55,SYNTHETIC_EXAMPLE,autonomous,-14.0295,-35.9081,51.09,15.3456,-10.0011,12673,95,0,84.11,0,35,1680,183,84.01,0,35,1680,183,84.09,0,35,1680,183,96.41,0,35,1927,202,96.25,0,35,1927,202,96.25,0,35,1927,202,479.99,0,45,9600,737,479.99,0,45,9600,737
92,16600,4600,4.6,SYNTHETIC_EXAMPLE,autonomous,-13.4339,-35.4228,50.564,15.3659,-10.52,12672,95,0,83.91,0,35,1676,183,83.81,0,35,1676,183,83.88,0,35,1676,183,96.86,0,35,1935,203,96.68,0,35,1935,203,96.69,0,35,1935,203,479.99,0,45,9600,737,479.99,0,45,9600,737
93,16650,4650,4.65,SYNTHETIC_EXAMPLE,autonomous,-12.8424,-34.9316,50.011,15.3763,-11.0612,12672,95,0,83.63,0,35,1671,183,83.53,0,35,1671,183,83.6,0,35,1671,183,97.25,0,35,1943,203,97.07,0,35,1943,203,97.09,0,35,1943,203,479.99,0,45,9600,737,479.99,0,45,9600,737
94,16700,4700,4.7,SYNTHETIC_EXAMPLE,autonomous,-12.2559,-34.4345,49.43,15.377,-11.6251,12672,95,0,83.29,0,35,1664,183,83.18,0,35,1664,183,83.26,0,35,1664,183,97.61,0,35,1950,203,97.42,0,35,1950,203,97.45,0,35,1950,203,479.99,0,45,9600,737,479.99,0,45,9600,737
95,16750,4750,4.75,SYNTHETIC_EXAMPLE,autonomous,-11.6748,-33.9317,48.819,15.3682,-12.2124,12672,95,0,82.87,0,35,1656,183,82.76,0,35,1656,183,82.83,0,35,1656,183,97.92,0,35,1957,204,97.73,0,35,1957,203,97.77,0,35,1957,203,480.0,0,45,9600,737,480.0,0,45,9600,737
96,16800,4800,4.8,SYNTHETIC_EXAMPLE,autonomous,-11.1,-33.4232,48.178,15.3499,-12.8233,12672,95,0,82.39,0,35,1646,183,82.27,0,35,1646,183,82.34,0,35,1646,183,98.19,0,35,1962,204,98.0,0,35,1962,204,98.05,0,35,1962,204,480.0,0,45,9600,737,480.0,0,45,9600,737
97,16850,4850,4.85,SYNTHETIC_EXAMPLE,autonomous,-10.532,-32.909,47.505,15.3226,-13.458,12672,95,0,81.83,0,35,1635,182,81.71,0,35,1635,182,81.78,0,35,1635,182,98.42,0,35,1967,204,98.23,0,35,1967,204,98.28,0,35,1967,204,480.0,0,45,9600,737,480.0,0,45,9600,737
98,16900,4900,4.9,SYNTHETIC_EXAMPLE,autonomous,-9.9716,-32.3892,46.799,15.2865,-14.1167,12672,95,0,81.21,0,35,1623,182,81.08,0,35,1623,182,81.16,0,35,1623,182,98.62,0,35,1970,204,98.42,0,35,1970,204,98.49,0,35,1970,204,480.0,0,45,9600,737,480.0,0,45,9600,737
99,16950,4950,4.95,SYNTHETIC_EXAMPLE,autonomous,-9.4194,-31.864,46.059,15.2419,-14.7993,12672,95,0,80.52,0,35,1609,181,80.4,0,35,1609,181,80.47,0,35,1609,181,98.77,0,35,1974,204,98.58,0,35,1974,204,98.65,0,35,1974,204,480.0,0,45,9600,737,480.0,0,45,9600,737
100,17000,5000,5.0,SYNTHETIC_EXAMPLE,autonomous,-8.8761,-31.3333,45.284,15.1891,-15.5055,12672,95,0,79.77,0,35,1594,180,79.65,0,35,1594,180,79.72,0,35,1594,180,98.9,0,35,1976,204,98.71,0,35,1976,204,98.79,0,35,1976,204,480.0,0,45,9600,737,480.0,0,45,9600,737
101,17050,5050,5.05,SYNTHETIC_EXAMPLE,autonomous,-8.3424,-30.7973,44.472,15.1288,-16.2346,12672,95,0,78.96,0,35,1578,180,78.84,0,35,1578,179,78.9,0,35,1578,180,98.99,0,35,1978,204,98.81,0,35,1978,204,98.89,0,35,1978,204,480.0,0,45,9600,737,480.0,0,45,9600,737
102,17100,5100,5.1,SYNTHETIC_EXAMPLE,autonomous,-7.8187,-30.2561,43.623,15.0612,-16.9859,12672,95,0,78.09,0,35,1561,179,77.98,0,35,1561,178,78.04,0,35,1561,179,99.05,0,35,1979,204,98.88,0,35,1979,204,98.97,0,35,1979,204,480.0,0,45,9600,737,480.0,0,45,9600,737
103,17150,5150,5.15,SYNTHETIC_EXAMPLE,autonomous,-7.3059,-29.7097,42.735,14.9871,-17.758,12672,95,0,77.17,0,35,1543,178,77.07,0,35,1543,177,77.12,0,35,1543,178,99.08,0,35,1980,204,98.93,0,35,1980,204,99.02,0,35,1980,204,480.0,0,45,9600,737,480.0,0,45,9600,737
104,17200,5200,5.2,SYNTHETIC_EXAMPLE,autonomous,-6.8046,-29.1582,41.808,14.9069,-18.5494,12672,95,0,76.21,0,35,1524,177,76.11,0,35,1524,176,76.15,0,35,1524,176,99.09,0,35,1980,204,98.95,0,35,1980,204,99.04,0,35,1980,204,480.0,0,45,9600,737,480.0,0,45,9600,737
105,17250,5250,5.25,SYNTHETIC_EXAMPLE,autonomous,-6.3152,-28.6017,40.84,14.8212,-19.3579,12672,95,0,75.2,0,35,1504,175,75.11,0,35,1504,175,75.15,0,35,1504,175,99.08,0,35,1980,204,98.95,0,35,1980,204,99.04,0,35,1980,204,480.0,0,45,9600,737,480.0,0,45,9600,737
106,17300,5300,5.3,SYNTHETIC_EXAMPLE,autonomous,-5.8384,-28.0403,39.831,14.7308,-20.181,12672,95,0,74.15,0,35,1483,174,74.07,0,35,1483,174,74.1,0,35,1483,174,99.05,0,35,1980,204,98.93,0,35,1980,204,99.03,0,35,1980,204,480.0,0,45,9600,737,480.0,0,45,9600,737
107,17350,5350,5.35,SYNTHETIC_EXAMPLE,autonomous,-5.3748,-27.4741,38.78,14.6364,-21.0155,12672,95,0,73.08,0,35,1462,173,73.01,0,35,1462,173,73.03,0,35,1462,173,99.0,0,35,1979,204,98.9,0,35,1979,204,99.0,0,35,1979,204,480.0,0,45,9600,737,480.0,0,45,9600,737
108,17400,5400,5.4,SYNTHETIC_EXAMPLE,autonomous,-4.9249,-26.9031,37.687,14.5387,-21.8575,12672,95,0,71.98,0,35,1440,171,71.92,0,35,1440,171,71.93,0,35,1440,171,98.93,0,35,1978,204,98.86,0,35,1978,204,98.95,0,35,1978,204,480.0,0,45,9600,737,480.0,0,45,9600,737
109,17450,5450,5.45,SYNTHETIC_EXAMPLE,autonomous,-4.4892,-26.3275,36.552,14.4385,-22.7027,12672,95,0,70.86,0,35,1418,170,70.81,0,35,1418,170,70.82,0,35,1418,170,98.85,0,35,1976,204,98.8,0,35,1976,204,98.89,0,35,1976,204,480.0,0,45,9600,737,480.0,0,45,9600,737
110,17500,5500,5.5,SYNTHETIC_EXAMPLE,autonomous,-4.0682,-25.7473,35.375,14.3367,-23.5459,12672,95,0,69.74,0,35,1395,168,69.7,0,35,1395,168,69.7,0,35,1395,168,98.77,0,35,1975,204,98.73,0,35,1975,204,98.81,0,35,1975,204,480.0,0,45,9600,737,480.0,0,45,9600,737
111,17550,5550,5.55,SYNTHETIC_EXAMPLE,autonomous,-3.6623,-25.1627,34.156,14.234,-24.3813,12672,95,0,68.62,0,35,1373,167,68.58,0,35,1373,167,68.58,0,35,1373,167,98.67,0,35,1973,204,98.65,0,35,1973,204,98.73,0,35,1973,204,480.0,0,45,9600,737,480.0,0,45,9600,737
112,17600,5600,5.6,SYNTHETIC_EXAMPLE,autonomous,-3.272,-24.5737,32.896,14.1313,-25.2022,12673,95,0,67.5,0,35,1351,165,67.48,0,35,1351,165,67.47,0,35,1351,165,98.56,0,35,1971,204,98.56,0,35,1971,203,98.64,0,35,1971,204,480.0,0,45,9600,737,480.0,0,45,9600,737
113,17650,5650,5.65,SYNTHETIC_EXAMPLE,autonomous,-2.8977,-23.9804,31.595,14.0295,-26.0015,12673,95,0,66.41,0,35,1329,163,66.39,0,35,1329,163,66.38,0,35,1329,163,98.44,0,35,1969,203,98.46,0,35,1969,203,98.54,0,35,1969,203,480.0,0,45,9600,737,480.0,0,45,9600,737
114,17700,5700,5.7,SYNTHETIC_EXAMPLE,autonomous,-2.5397,-23.383,30.257,13.9294,-26.7711,12673,95,0,65.34,0,35,1308,162,65.34,0,35,1308,162,65.32,0,35,1308,162,98.32,0,35,1967,203,98.36,0,35,1967,203,98.42,0,35,1967,203,480.0,0,45,9600,737,480.0,0,45,9600,737
115,17750,5750,5.75,SYNTHETIC_EXAMPLE,autonomous,-2.1984,-22.7815,28.882,13.8319,-27.5026,12673,95,0,64.31,0,35,1287,160,64.32,0,35,1287,160,64.29,0,35,1287,160,98.19,0,35,1964,203,98.24,0,35,1964,203,98.3,0,35,1964,203,480.0,0,45,9600,737,480.0,0,45,9600,737
116,17800,5800,5.8,SYNTHETIC_EXAMPLE,autonomous,-1.874,-22.176,27.472,13.7378,-28.1871,12673,95,0,63.33,0,35,1268,159,63.35,0,35,1268,159,63.32,0,35,1268,159,98.04,0,35,1962,203,98.12,0,35,1962,203,98.17,0,35,1962,203,480.0,0,45,9600,737,480.0,0,45,9600,737
117,17850,5850,5.85,SYNTHETIC_EXAMPLE,autonomous,-1.5668,-21.5667,26.032,13.648,-28.8153,12673,95,0,62.42,0,35,1249,157,62.44,0,35,1249,157,62.41,0,35,1249,157,97.89,0,35,1959,203,97.99,0,35,1959,203,98.03,0,35,1959,203,480.0,0,45,9600,737,480.0,0,45,9600,737
118,17900,5900,5.9,SYNTHETIC_EXAMPLE,autonomous,-1.277,-20.9536,24.563,13.5631,-29.3777,12674,95,0,61.57,0,35,1232,155,61.6,0,35,1232,155,61.57,0,35,1232,155,97.73,0,35,1956,203,97.84,0,35,1956,203,97.88,0,35,1956,203,480.0,0,45,9600,737,480.0,0,45,9600,737
119,17950,5950,5.95,SYNTHETIC_EXAMPLE,autonomous,-1.0047,-20.3368,23.07,13.4839,-29.8649,12674,95,0,60.8,0,35,1217,154,60.85,0,35,1217,154,60.8,0,35,1217,154,97.56,0,35,1952,202,97.68,0,35,1952,203,97.71,0,35,1952,203,480.0,0,45,9600,737,480.0,0,45,9600,737
120,18000,6000,6.0,SYNTHETIC_EXAMPLE,autonomous,-0.7501,-19.7165,21.556,13.411,-30.268,12674,95,0,60.13,0,35,1204,153,60.18,0,35,1204,153,60.13,0,35,1204,153,97.37,0,35,1949,202,97.51,0,35,1949,202,97.53,0,35,1949,202,480.0,0,45,9600,737,480.0,0,45,9600,737
121,18050,6050,6.05,SYNTHETIC_EXAMPLE,autonomous,-0.5132,-19.0927,20.027,13.345,-30.5784,12674,95,0,59.55,0,35,1192,151,59.6,0,35,1192,151,59.55,0,35,1192,151,97.17,0,35,1945,202,97.32,0,35,1945,202,97.33,0,35,1945,202,480.0,0,45,9600,737,480.0,0,45,9600,737
122,18100,6100,6.1,SYNTHETIC_EXAMPLE,autonomous,-0.2941,-18.4655,18.488,13.2863,-30.7884,12674,95,0,59.07,0,35,1183,150,59.13,0,35,1183,150,59.08,0,35,1183,150,96.95,0,35,1940,202,97.11,0,35,1940,202,97.11,0,35,1940,202,480.0,0,45,9600,737,480.0,0,45,9600,737
123,18150,6150,6.15,SYNTHETIC_EXAMPLE,autonomous,-0.0927,-17.8352,16.943,13.2353,-30.8912,12674,95,0,58.71,0,35,1175,149,58.78,0,35,1175,149,58.72,0,35,1175,149,96.7,0,35,1936,202,96.88,0,35,1936,202,96.87,0,35,1936,202,480.0,0,45,9600,737,480.0,0,45,9600,737
124,18200,6200,6.2,SYNTHETIC_EXAMPLE,autonomous,0.091,-17.2016,15.399,13.1923,-30.8814,12674,95,0,58.46,0,35,1170,148,58.54,0,35,1170,148,58.48,0,35,1170,148,96.44,0,35,1931,201,96.62,0,35,1931,202,96.6,0,35,1931,202,480.0,0,45,9600,737,480.0,0,45,9600,737
125,18250,6250,6.25,SYNTHETIC_EXAMPLE,autonomous,0.2571,-16.5651,13.861,13.1575,-30.7549,12674,95,0,58.34,0,35,1168,147,58.41,0,35,1168,147,58.36,0,35,1168,147,96.16,0,35,1925,201,96.34,0,35,1925,201,96.31,0,35,1925,201,480.0,0,45,9600,737,480.0,0,45,9600,737
126,18300,6300,6.3,SYNTHETIC_EXAMPLE,autonomous,0.4059,-15.9256,12.336,13.1308,-30.5094,12674,95,0,58.33,0,35,1168,147,58.41,0,35,1168,147,58.36,0,35,1168,147,95.85,0,35,1919,201,96.03,0,35,1919,201,96.0,0,35,1919,201,480.0,0,45,9600,737,480.0,0,45,9600,737
127,18350,6350,6.35,SYNTHETIC_EXAMPLE,autonomous,0.5375,-15.2834,10.829,13.1123,-30.1438,12674,95,0,58.45,0,35,1170,147,58.54,0,35,1170,148,58.48,0,35,1170,147,95.51,0,35,1912,200,95.7,0,35,1912,201,95.66,0,35,1912,201,480.0,0,45,9600,737,480.0,0,45,9600,737
128,18400,6400,6.4,SYNTHETIC_EXAMPLE,autonomous,0.6522,-14.6384,9.346,13.1017,-29.6591,12674,95,0,58.69,0,35,1175,148,58.78,0,35,1175,148,58.72,0,35,1175,148,95.15,0,35,1905,200,95.34,0,35,1905,200,95.29,0,35,1905,200,480.0,0,45,9600,737,480.0,0,45,9600,737
129,18450,6450,6.45,SYNTHETIC_EXAMPLE,autonomous,0.7504,-13.9909,7.893,13.0987,-29.0576,12674,95,0,59.04,0,35,1182,149,59.13,0,35,1182,150,59.08,0,35,1182,150,94.76,0,35,1897,200,94.95,0,35,1897,200,94.89,0,35,1897,200,480.0,0,45,9600,737,480.0,0,45,9600,737
130,18500,6500,6.5,SYNTHETIC_EXAMPLE,autonomous,0.8323,-13.3409,6.476,13.1031,-28.3432,12673,95,0,59.51,0,35,1191,151,59.6,0,35,1191,151,59.55,0,35,1191,151,94.35,0,35,1889,199,94.53,0,35,1889,199,94.47,0,35,1889,199,480.0,0,45,9600,737,480.0,0,45,9600,737
131,18550,6550,6.55,SYNTHETIC_EXAMPLE,autonomous,0.8983,-12.6885,5.1,13.1142,-27.521,12673,95,0,60.09,0,35,1203,152,60.18,0,35,1203,152,60.13,0,35,1203,152,93.91,0,35,1880,199,94.09,0,35,1880,199,94.02,0,35,1880,199,479.99,0,45,9600,737,479.99,0,45,9600,737
132,18600,6600,6.6,SYNTHETIC_EXAMPLE,autonomous,0.9491,-12.0339,3.77,13.1316,-26.5972,12673,95,0,60.76,0,35,1216,153,60.85,0,35,1216,154,60.8,0,35,1216,154,93.45,0,35,1871,198,93.62,0,35,1871,198,93.54,0,35,1871,198,479.99,0,45,9600,737,479.99,0,45,9600,737
133,18650,6650,6.65,SYNTHETIC_EXAMPLE,autonomous,0.9849,-11.3771,2.491,13.1545,-25.579,12673,95,0,61.53,0,35,1231,155,61.62,0,35,1231,155,61.57,0,35,1231,155,92.96,0,35,1861,198,93.12,0,35,1861,198,93.04,0,35,1861,198,479.98,0,45,9600,737,479.98,0,45,9600,737
134,18700,6700,6.7,SYNTHETIC_EXAMPLE,autonomous,1.0065,-10.7184,1.267,13.1822,-24.4741,12672,95,0,62.38,0,35,1248,157,62.46,0,35,1248,157,62.42,0,35,1248,157,92.45,0,35,1851,197,92.6,0,35,1851,197,92.51,0,35,1851,197,479.97,0,45,9600,738,479.97,0,45,9600,738
135,18750,6750,6.75,SYNTHETIC_EXAMPLE,autonomous,1.0143,-10.0577,0.103,13.2141,-23.2906,12672,95,0,63.3,0,35,1266,158,63.38,0,35,1266,158,63.34,0,35,1266,158,91.91,0,35,1840,196,92.05,0,35,1840,197,91.96,0,35,1840,197,479.96,0,45,9600,738,479.96,0,45,9600,738
136,18800,6800,6.8,SYNTHETIC_EXAMPLE,autonomous,1.0091,-9.3953,-0.999,13.2492,-22.0367,12672,95,0,64.28,0,35,1286,160,64.36,0,35,1286,160,64.33,0,35,1286,160,91.35,0,35,1828,196,91.48,0,35,1828,196,91.39,0,35,1828,196,479.94,0,45,9600,738,479.94,0,45,9600,738
137,18850,6850,6.85,SYNTHETIC_EXAMPLE,autonomous,0.9914,-8.7312,-2.035,13.2868,-20.7206,12672,95,0,65.32,0,35,1307,162,65.39,0,35,1307,162,65.36,0,35,1307,162,90.77,0,35,1817,195,90.88,0,35,1817,195,90.79,0,35,1817,195,479.91,0,45,9600,739,479.91,0,45,9600,739
138,18900,6900,6.9,SYNTHETIC_EXAMPLE,autonomous,0.9621,-8.0655,-3.003,13.326,-19.3502,12671,95,0,66.4,0,35,1328,163,66.47,0,35,1328,163,66.44,0,35,1328,163,90.17,0,35,1804,194,90.26,0,35,1804,194,90.17,0,35,1804,194,479.86,0,45,9600,740,479.86,0,45,9600,740
139,18950,6950,6.95,SYNTHETIC_EXAMPLE,autonomous,0.9218,-7.3984,-3.899,13.366,-17.933,12671,95,0,67.51,0,35,1350,165,67.58,0,35,1350,165,67.56,0,35,1350,165,89.54,0,35,1792,193,89.61,0,35,1792,194,89.53,0,35,1792,194,479.8,0,45,9600,741,479.8,0,45,9600,741
140,19000,7000,7.0,SYNTHETIC_EXAMPLE,autonomous,0.8713,-6.73,-4.723,13.406,-16.4759,12671,95,0,68.65,0,35,1373,167,68.71,0,35,1373,167,68.69,0,35,1373,167,88.88,0,35,1778,193,88.94,0,35,1778,193,88.86,0,35,1778,193,479.71,0,45,9600,742,479.71,0,45,9600,742
141,19050,7050,7.05,SYNTHETIC_EXAMPLE,autonomous,0.8115,-6.0604,-5.472,13.4451,-14.9853,12670,95,0,69.81,0,35,1396,169,69.85,0,35,1396,169,69.85,0,35,1396,169,88.2,0,35,1765,192,88.25,0,35,1765,192,88.17,0,35,1765,192,479.59,0,45,9600,744,479.59,0,45,9600,744
142,19100,7100,7.1,SYNTHETIC_EXAMPLE,autonomous,0.7432,-5.3898,-6.146,13.4827,-13.4669,12670,95,0,70.97,0,35,1419,170,71.01,0,35,1419,170,71.01,0,35,1419,170,87.5,0,35,1750,191,87.52,0,35,1750,191,87.45,0,35,1750,191,479.42,0,45,9600,747,479.42,0,45,9600,747
143,19150,7150,7.15,SYNTHETIC_EXAMPLE,autonomous,0.6672,-4.7181,-6.742,13.5181,-11.9258,12669,95,0,72.13,0,35,1442,172,72.16,0,35,1442,172,72.17,0,35,1442,172,86.77,0,35,1736,190,86.78,0,35,1736,190,86.7,0,35,1736,190,479.19,0,45,9600,751,479.19,0,45,9600,751
144,19200,7200,7.2,SYNTHETIC_EXAMPLE,autonomous,0.5846,-4.0457,-7.26,13.5505,-10.3664,12669,95,0,73.29,0,35,1465,173,73.31,0,35,1465,173,73.32,0,35,1465,173,86.01,0,35,1720,189,86.0,0,35,1720,189,85.93,0,35,1720,189,478.88,0,45,9600,756,478.88,0,45,9600,756
145,19250,7250,7.25,SYNTHETIC_EXAMPLE,autonomous,0.4961,-3.3725,-7.7,13.5794,-8.7925,12668,95,0,74.43,0,35,1488,175,74.44,0,35,1488,175,74.46,0,35,1488,175,85.22,0,35,1704,188,85.19,0,35,1704,188,85.13,0,35,1704,188,478.48,0,45,9600,762,478.48,0,45,9600,762
146,19300,7300,7.3,SYNTHETIC_EXAMPLE,autonomous,0.4028,-2.6987,-8.06,13.6043,-7.2073,12667,95,0,75.56,0,35,1510,176,75.56,0,35,1510,176,75.59,0,35,1510,176,84.4,0,35,1688,187,84.35,0,35,1688,187,84.3,0,35,1688,187,477.95,0,45,9600,770,477.95,0,45,9600,770
147,19350,7350,7.35,SYNTHETIC_EXAMPLE,autonomous,0.3055,-2.0245,-8.341,13.6248,-5.6137,12666,95,0,76.67,0,35,1532,178,76.65,0,35,1532,178,76.69,0,35,1532,178,83.54,0,35,1670,186,83.49,0,35,1670,186,83.44,0,35,1670,186,477.27,0,45,9600,779,477.27,0,45,9600,779
148,19400,7400,7.4,SYNTHETIC_EXAMPLE,autonomous,0.2053,-1.3498,-8.542,13.6404,-4.0139,12665,95,0,77.75,0,35,1554,179,77.72,0,35,1554,179,77.76,0,35,1554,179,82.66,0,35,1653,185,82.59,0,35,1653,185,82.55,0,35,1653,185,476.41,0,45,9600,791,476.41,0,45,9600,791
149,19450,7450,7.45,SYNTHETIC_EXAMPLE,autonomous,0.1032,-0.675,-8.662,13.651,-2.4099,12663,95,0,78.81,0,35,1575,181,78.77,0,35,1575,180,78.81,0,35,1575,181,81.74,0,35,1634,184,81.66,0,35,1634,184,81.62,0,35,1634,184,475.33,0,45,9600,806,475.33,0,45,9600,806
150,19500,7500,7.5,SYNTHETIC_EXAMPLE,autonomous,0.0,0.0,-8.702,13.6563,-0.8036,12662,95,0,79.83,0,35,1595,182,79.78,0,35,1595,182,79.83,0,35,1595,182,80.79,0,35,1615,183,80.69,0,35,1615,183,80.67,0,35,1615,183,474.0,0,45,9600,823,474.0,0,45,9600,823
151,19550,7550,7.55,SYNTHETIC_EXAMPLE,autonomous,-0.1032,0.675,-8.662,13.6563,0.8036,12660,95,0,80.82,0,35,1615,183,80.76,0,35,1615,183,80.82,0,35,1615,183,79.81,0,35,1595,182,79.7,0,35,1595,182,79.68,0,35,1595,181,472.38,0,45,9600,844,472.38,0,45,9600,844
152,19600,7600,7.6,SYNTHETIC_EXAMPLE,autonomous,-0.2053,1.3498,-8.542,13.651,2.4099,12658,95,0,81.78,0,35,1634,184,81.71,0,35,1634,184,81.77,0,35,1634,184,78.79,0,35,1575,180,78.67,0,35,1575,180,78.66,0,35,1575,180,470.44,0,45,9600,867,470.44,0,45,9600,867
153,19650,7650,7.65,SYNTHETIC_EXAMPLE,autonomous,-0.3055,2.0245,-8.341,13.6404,4.0139,12655,95,0,82.71,0,35,1653,185,82.63,0,35,1653,185,82.7,0,35,1653,185,77.75,0,35,1554,179,77.62,0,35,1554,179,77.62,0,35,1554,179,468.13,0,45,9600,894,468.13,0,45,9600,894
154,19700,7700,7.7,SYNTHETIC_EXAMPLE,autonomous,-0.4028,2.6987,-8.06,13.6248,5.6137,12652,95,0,83.6,0,35,1670,187,83.51,0,35,1670,186,83.58,0,35,1670,186,76.67,0,35,1532,178,76.54,0,35,1532,178,76.55,0,35,1532,178,465.44,0,45,9600,924,465.44,0,45,9600,924
155,19750,7750,7.75,SYNTHETIC_EXAMPLE,autonomous,-0.4961,3.3725,-7.7,13.6043,7.2073,12649,95,0,84.46,0,35,1688,188,84.36,0,35,1688,187,84.44,0,35,1688,187,75.58,0,35,1510,176,75.44,0,35,1510,176,75.45,0,35,1510,176,462.34,0,45,9600,957,462.34,0,45,9600,957
156,19800,7800,7.8,SYNTHETIC_EXAMPLE,autonomous,-0.5846,4.0457,-7.26,13.5794,8.7925,12646,95,0,85.29,0,35,1704,189,85.18,0,35,1704,188,85.26,0,35,1704,188,74.46,0,35,1488,175,74.32,0,35,1488,175,74.33,0,35,1488,175,458.82,0,45,9600,992,458.82,0,45,9600,992
157,19850,7850,7.85,SYNTHETIC_EXAMPLE,autonomous,-0.6672,4.7181,-6.742,13.5505,10.3664,12643,95,0,86.09,0,35,1720,190,85.97,0,35,1720,189,86.06,0,35,1720,189,73.32,0,35,1465,173,73.18,0,35,1465,173,73.2,0,35,1465,173,454.89,0,45,9600,1029,454.89,0,45,9600,1029
158,19900,7900,7.9,SYNTHETIC_EXAMPLE,autonomous,-0.7432,5.3898,-6.146,13.5181,11.9258,12639,95,0,86.86,0,35,1736,190,86.73,0,35,1736,190,86.82,0,35,1736,190,72.17,0,35,1442,172,72.03,0,35,1442,172,72.06,0,35,1442,172,450.57,0,45,9600,1068,450.57,0,45,9600,1068
159,19950,7950,7.95,SYNTHETIC_EXAMPLE,autonomous,-0.8115,6.0604,-5.472,13.4827,13.4669,12636,95,0,87.6,0,35,1750,191,87.47,0,35,1750,191,87.55,0,35,1750,191,71.01,0,35,1419,170,70.87,0,35,1419,170,70.91,0,35,1419,170,445.88,0,45,9600,1107,445.88,0,45,9600,1107
160,20000,8000,8.0,SYNTHETIC_EXAMPLE,autonomous,-0.8713,6.73,-4.723,13.4451,14.9853,12632,95,0,88.31,0,35,1765,192,88.17,0,35,1765,192,88.26,0,35,1765,192,69.86,0,35,1396,169,69.72,0,35,1396,168,69.76,0,35,1396,168,440.9,0,45,9600,1145,440.9,0,45,9600,1145
161,20050,8050,8.05,SYNTHETIC_EXAMPLE,autonomous,-0.9218,7.3984,-3.899,13.406,16.4759,12629,95,0,88.99,0,35,1778,193,88.85,0,35,1778,193,88.93,0,35,1778,193,68.71,0,35,1373,167,68.57,0,35,1373,167,68.62,0,35,1373,167,435.68,0,45,9600,1181,435.68,0,45,9600,1181
162,20100,8100,8.1,SYNTHETIC_EXAMPLE,autonomous,-0.9621,8.0655,-3.003,13.366,17.933,12626,95,0,89.64,0,35,1792,194,89.51,0,35,1792,194,89.59,0,35,1792,194,67.58,0,35,1350,165,67.45,0,35,1350,165,67.49,0,35,1350,165,430.31,0,45,9600,1215,430.31,0,45,9600,1215
163,20150,8150,8.15,SYNTHETIC_EXAMPLE,autonomous,-0.9914,8.7312,-2.035,13.326,19.3502,12623,95,0,90.28,0,35,1804,195,90.14,0,35,1804,194,90.22,0,35,1804,194,66.47,0,35,1328,164,66.34,0,35,1328,163,66.39,0,35,1328,163,424.91,0,45,9600,1244,424.91,0,45,9600,1244
164,20200,8200,8.2,SYNTHETIC_EXAMPLE,autonomous,-1.0091,9.3953,-0.999,13.2868,20.7206,12621,95,0,90.88,0,35,1817,195,90.75,0,35,1817,195,90.82,0,35,1817,195,65.39,0,35,1307,162,65.27,0,35,1307,162,65.33,0,35,1307,162,419.59,0,45,9600,1268,419.59,0,45,9600,1268
165,20250,8250,8.25,SYNTHETIC_EXAMPLE,autonomous,-1.0143,10.0577,0.103,13.2492,22.0367,12620,95,0,91.46,0,35,1828,196,91.33,0,35,1828,196,91.4,0,35,1828,196,64.35,0,35,1286,160,64.25,0,35,1286,160,64.3,0,35,1286,160,414.46,0,45,9600,1286,414.46,0,45,9600,1286
166,20300,8300,8.3,SYNTHETIC_EXAMPLE,autonomous,-1.0065,10.7184,1.267,13.2141,23.2906,12619,95,0,92.02,0,35,1840,197,91.9,0,35,1840,196,91.96,0,35,1840,197,63.37,0,35,1266,159,63.27,0,35,1266,158,63.33,0,35,1266,159,409.66,0,45,9600,1297,409.66,0,45,9600,1297
167,20350,8350,8.35,SYNTHETIC_EXAMPLE,autonomous,-0.9849,11.3771,2.491,13.1822,24.4741,12619,95,0,92.55,0,35,1851,197,92.43,0,35,1851,197,92.49,0,35,1851,197,62.45,0,35,1248,157,62.36,0,35,1248,157,62.42,0,35,1248,157,405.3,0,45,9600,1300,405.3,0,45,9600,1300
168,20400,8400,8.4,SYNTHETIC_EXAMPLE,autonomous,-0.9491,12.0339,3.77,13.1545,25.579,12619,95,0,93.06,0,35,1861,198,92.95,0,35,1861,198,93.0,0,35,1861,198,61.6,0,35,1231,155,61.53,0,35,1231,155,61.58,0,35,1231,155,401.5,0,45,9600,1296,401.5,0,45,9600,1296
169,20450,8450,8.45,SYNTHETIC_EXAMPLE,autonomous,-0.8983,12.6885,5.1,13.1316,26.5972,12620,95,0,93.54,0,35,1871,198,93.44,0,35,1871,198,93.48,0,35,1871,198,60.84,0,35,1216,154,60.77,0,35,1216,154,60.83,0,35,1216,154,398.37,0,45,9600,1284,398.37,0,45,9600,1284
170,20500,8500,8.5,SYNTHETIC_EXAMPLE,autonomous,-0.8323,13.3409,6.476,13.1142,27.521,12622,95,0,94.0,0,35,1880,199,93.91,0,35,1880,199,93.94,0,35,1880,199,60.16,0,35,1203,153,60.11,0,35,1203,152,60.16,0,35,1203,153,395.98,0,45,9600,1265,395.98,0,45,9600,1265
171,20550,8550,8.55,SYNTHETIC_EXAMPLE,autonomous,-0.7504,13.9909,7.893,13.1031,28.3432,12624,95,0,94.43,0,35,1889,199,94.35,0,35,1889,199,94.37,0,35,1889,199,59.58,0,35,1191,151,59.54,0,35,1191,151,59.6,0,35,1191,151,394.39,0,45,9600,1240,394.39,0,45,9600,1240
172,20600,8600,8.6,SYNTHETIC_EXAMPLE,autonomous,-0.6522,14.6384,9.346,13.0987,29.0576,12627,95,0,94.84,0,35,1897,200,94.77,0,35,1897,200,94.78,0,35,1897,200,59.11,0,35,1182,150,59.08,0,35,1182,150,59.13,0,35,1182,150,393.65,0,45,9600,1209,393.65,0,45,9600,1209
173,20650,8650,8.65,SYNTHETIC_EXAMPLE,autonomous,-0.5375,15.2834,10.829,13.1017,29.6591,12630,95,0,95.21,0,35,1905,200,95.16,0,35,1905,200,95.16,0,35,1905,200,58.76,0,35,1175,149,58.73,0,35,1175,149,58.79,0,35,1175,149,393.74,0,45,9600,1174,393.74,0,45,9600,1174
174,20700,8700,8.7,SYNTHETIC_EXAMPLE,autonomous,-0.4059,15.9256,12.336,13.1123,30.1438,12633,95,0,95.57,0,35,1912,201,95.52,0,35,1912,201,95.52,0,35,1912,201,58.51,0,35,1170,148,58.5,0,35,1170,148,58.55,0,35,1170,148,394.67,0,45,9600,1143,394.67,0,45,9600,1143
175,20750,8750,8.75,SYNTHETIC_EXAMPLE,autonomous,-0.2571,16.5651,13.861,13.1308,30.5094,12636,95,0,95.89,0,35,1919,201,95.86,0,35,1919,201,95.85,0,35,1919,201,58.39,0,35,1168,147,58.39,0,35,1168,147,58.44,0,35,1168,147,396.39,0,50,9600,1109,396.39,0,50,9600,1109
176,20800,8800,8.8,SYNTHETIC_EXAMPLE,autonomous,-0.091,17.2016,15.399,13.1575,30.7549,12639,95,0,96.19,0,35,1925,201,96.18,0,35,1925,201,96.15,0,35,1925,201,58.39,0,35,1168,147,58.4,0,35,1168,147,58.45,0,35,1168,147,398.82,0,50,9600,1073,398.82,0,50,9600,1073
177,20850,8850,8.85,SYNTHETIC_EXAMPLE,autonomous,0.0927,17.8352,16.943,13.1923,30.8814,12642,95,0,96.47,0,35,1931,201,96.47,0,35,1931,201,96.43,0,35,1931,201,58.51,0,35,1170,148,58.54,0,35,1170,148,58.58,0,35,1170,148,401.9,0,50,9600,1037,401.9,0,50,9600,1037
178,20900,8900,8.9,SYNTHETIC_EXAMPLE,autonomous,0.2941,18.4655,18.488,13.2353,30.8912,12645,95,0,96.72,0,35,1936,202,96.73,0,35,1936,202,96.69,0,35,1936,202,58.75,0,35,1175,148,58.79,0,35,1175,149,58.83,0,35,1175,149,405.53,0,50,9600,1001,405.53,0,50,9600,1001
179,20950,8950,8.95,SYNTHETIC_EXAMPLE,autonomous,0.5132,19.0927,20.027,13.2863,30.7884,12648,95,0,96.95,0,35,1940,202,96.98,0,35,1940,202,96.93,0,35,1940,202,59.11,0,35,1183,150,59.16,0,35,1183,150,59.19,0,35,1183,150,409.59,0,50,9600,967,409.59,0,50,9600,967
180,21000,9000,9.0,SYNTHETIC_EXAMPLE,autonomous,0.7501,19.7165,21.556,13.345,30.5784,12650,95,0,97.16,0,35,1945,202,97.2,0,35,1945,202,97.14,0,35,1945,202,59.58,0,35,1192,151,59.64,0,35,1192,151,59.66,0,35,1192,151,413.98,0,50,9600,934,413.98,0,50,9600,934
181,21050,9050,9.05,SYNTHETIC_EXAMPLE,autonomous,1.0047,20.3368,23.07,13.411,30.268,12653,95,0,97.35,0,35,1949,202,97.41,0,35,1949,202,97.34,0,35,1949,202,60.15,0,35,1204,152,60.22,0,35,1204,152,60.24,0,35,1204,152,418.6,0,50,9600,903,418.6,0,50,9600,903
182,21100,9100,9.1,SYNTHETIC_EXAMPLE,autonomous,1.277,20.9536,24.563,13.4839,29.8649,12655,95,0,97.53,0,35,1952,202,97.6,0,35,1952,203,97.53,0,35,1952,202,60.82,0,35,1217,154,60.9,0,35,1217,154,60.92,0,35,1217,154,423.34,0,50,9600,875,423.34,0,50,9600,875
183,21150,9150,9.15,SYNTHETIC_EXAMPLE,autonomous,1.5668,21.5667,26.032,13.5631,29.3777,12657,95,0,97.69,0,35,1956,203,97.77,0,35,1956,203,97.69,0,35,1956,203,61.58,0,35,1232,155,61.67,0,35,1232,155,61.68,0,35,1232,155,428.1,0,50,9600,850,428.1,0,50,9600,850
184,21200,9200,9.2,SYNTHETIC_EXAMPLE,autonomous,1.874,22.176,27.472,13.648,28.8153,12658,95,0,97.84,0,35,1959,203,97.93,0,35,1959,203,97.85,0,35,1959,203,62.42,0,35,1249,157,62.52,0,35,1249,157,62.53,0,35,1249,157,432.79,0,50,9600,828,432.79,0,50,9600,828
185,21250,9250,9.25,SYNTHETIC_EXAMPLE,autonomous,2.1984,22.7815,28.882,13.7378,28.1871,12660,95,0,97.98,0,35,1962,203,98.08,0,35,1962,203,98.0,0,35,1962,203,63.33,0,35,1268,158,63.44,0,35,1268,158,63.44,0,35,1268,158,437.35,0,50,9600,809,437.35,0,50,9600,809
186,21300,9300,9.3,SYNTHETIC_EXAMPLE,autonomous,2.5397,23.383,30.257,13.8319,27.5026,12661,95,0,98.11,0,35,1964,203,98.23,0,35,1964,203,98.14,0,35,1964,203,64.3,0,35,1287,160,64.42,0,35,1287,160,64.41,0,35,1287,160,441.72,0,50,9600,793,441.72,0,50,9600,793
187,21350,9350,9.35,SYNTHETIC_EXAMPLE,autonomous,2.8977,23.9804,31.595,13.9294,26.7711,12662,95,0,98.23,0,35,1967,203,98.36,0,35,1967,203,98.27,0,35,1967,203,65.32,0,35,1308,162,65.44,0,35,1308,162,65.43,0,35,1308,162,445.85,0,50,9600,780,445.85,0,50,9600,780
188,21400,9400,9.4,SYNTHETIC_EXAMPLE,autonomous,3.272,24.5737,32.896,14.0295,26.0015,12663,95,0,98.35,0,35,1969,203,98.48,0,35,1969,203,98.39,0,35,1969,203,66.38,0,35,1329,163,66.51,0,35,1329,163,66.49,0,35,1329,163,449.7,0,50,9600,769,449.7,0,50,9600,769
189,21450,9450,9.45,SYNTHETIC_EXAMPLE,autonomous,3.6623,25.1627,34.156,14.1313,25.2022,12663,95,0,98.46,0,35,1971,203,98.6,0,35,1971,204,98.5,0,35,1971,203,67.47,0,35,1351,165,67.6,0,35,1351,165,67.57,0,35,1351,165,453.26,0,50,9600,760,453.26,0,50,9600,760
190,21500,9500,9.5,SYNTHETIC_EXAMPLE,autonomous,4.0682,25.7473,35.375,14.234,24.3813,12663,95,0,98.56,0,35,1973,203,98.7,0,35,1973,204,98.61,0,35,1973,204,68.57,0,35,1373,167,68.71,0,35,1373,167,68.68,0,35,1373,167,456.51,0,50,9600,753,456.51,0,50,9600,753
191,21550,9550,9.55,SYNTHETIC_EXAMPLE,autonomous,4.4892,26.3275,36.552,14.3367,23.5459,12663,95,0,98.65,0,35,1975,204,98.8,0,35,1975,204,98.71,0,35,1975,204,69.69,0,35,1395,168,69.83,0,35,1395,168,69.79,0,35,1395,168,459.46,0,50,9600,748,459.46,0,50,9600,748
192,21600,9600,9.6,SYNTHETIC_EXAMPLE,autonomous,4.9249,26.9031,37.687,14.4385,22.7027,12663,95,0,98.74,0,35,1976,204,98.89,0,35,1976,204,98.8,0,35,1976,204,70.81,0,35,1418,170,70.95,0,35,1418,170,70.9,0,35,1418,170,462.12,0,50,9600,744,462.12,0,50,9600,744
193,21650,9650,9.65,SYNTHETIC_EXAMPLE,autonomous,5.3748,27.4741,38.78,14.5387,21.8575,12663,95,0,98.81,0,35,1978,204,98.96,0,35,1978,204,98.88,0,35,1978,204,71.91,0,35,1440,171,72.05,0,35,1440,171,72.0,0,35,1440,171,464.48,0,50,9600,741,464.48,0,50,9600,741
194,21700,9700,9.7,SYNTHETIC_EXAMPLE,autonomous,5.8384,28.0403,39.831,14.6364,21.0155,12663,95,0,98.88,0,35,1979,204,99.03,0,35,1979,204,98.94,0,35,1979,204,73.01,0,35,1462,173,73.15,0,35,1462,173,73.09,0,35,1462,173,466.58,0,50,9600,739,466.58,0,50,9600,739
195,21750,9750,9.75,SYNTHETIC_EXAMPLE,autonomous,6.3152,28.6017,40.84,14.7308,20.181,12663,95,0,98.93,0,35,1980,204,99.07,0,35,1980,204,98.99,0,35,1980,204,74.08,0,35,1483,174,74.21,0,35,1483,174,74.15,0,35,1483,174,468.43,0,50,9600,737,468.43,0,50,9600,737
196,21800,9800,9.8,SYNTHETIC_EXAMPLE,autonomous,6.8046,29.1582,41.808,14.8212,19.3579,12663,95,0,98.96,0,35,1980,204,99.1,0,35,1980,204,99.03,0,35,1980,204,75.12,0,35,1504,175,75.25,0,35,1504,176,75.18,0,35,1504,175,470.04,0,50,9600,736,470.04,0,50,9600,736
197,21850,9850,9.85,SYNTHETIC_EXAMPLE,autonomous,7.3059,29.7097,42.735,14.9069,18.5494,12663,95,0,98.97,0,35,1980,204,99.11,0,35,1980,204,99.04,0,35,1980,204,76.12,0,35,1524,177,76.24,0,35,1524,177,76.17,0,35,1524,177,471.45,0,50,9600,736,471.45,0,50,9600,736
198,21900,9900,9.9,SYNTHETIC_EXAMPLE,autonomous,7.8187,30.2561,43.623,14.9871,17.758,12662,95,0,98.97,0,35,1980,204,99.1,0,35,1980,204,99.04,0,35,1980,204,77.08,0,35,1543,178,77.2,0,35,1543,178,77.12,0,35,1543,178,472.68,0,50,9600,735,472.68,0,50,9600,735
199,21950,9950,9.95,SYNTHETIC_EXAMPLE,autonomous,8.3424,30.7973,44.472,15.0612,16.9859,12662,95,0,98.94,0,35,1979,204,99.06,0,35,1979,204,99.01,0,35,1979,204,78.0,0,35,1561,179,78.1,0,35,1561,179,78.03,0,35,1561,179,473.74,0,50,9600,735,473.74,0,50,9600,735
200,22000,10000,10.0,SYNTHETIC_EXAMPLE,autonomous,8.8761,31.3333,45.284,15.1288,16.2346,12662,95,0,98.88,0,35,1978,204,98.99,0,35,1978,204,98.95,0,35,1978,204,78.86,0,35,1578,180,78.96,0,35,1578,180,78.88,0,35,1578,180,474.65,0,50,9600,735,474.65,0,50,9600,735
201,22050,10050,10.05,SYNTHETIC_EXAMPLE,autonomous,9.4194,31.864,46.059,15.1891,15.5055,12662,95,0,98.8,0,35,1976,204,98.9,0,35,1976,204,98.86,0,35,1976,204,79.67,0,35,1594,181,79.75,0,35,1594,181,79.68,0,35,1594,181,475.43,0,50,9600,735,475.43,0,50,9600,735
202,22100,10100,10.1,SYNTHETIC_EXAMPLE,autonomous,9.9716,32.3892,46.799,15.2419,14.7993,12662,95,0,98.68,0,35,1974,204,98.77,0,35,1974,204,98.75,0,35,1974,204,80.42,0,35,1609,181,80.49,0,35,1609,181,80.41,0,35,1609,181,476.11,0,50,9600,735,476.11,0,50,9600,735
203,22150,10150,10.15,SYNTHETIC_EXAMPLE,autonomous,10.532,32.909,47.505,15.2865,14.1167,12661,95,0,98.53,0,35,1970,204,98.61,0,35,1970,204,98.59,0,35,1970,204,81.11,0,35,1623,182,81.16,0,35,1623,182,81.09,0,35,1623,182,476.68,0,50,9600,736,476.68,0,50,9600,736
204,22200,10200,10.2,SYNTHETIC_EXAMPLE,autonomous,11.1,33.4232,48.178,15.3226,13.458,12661,95,0,98.35,0,35,1967,204,98.42,0,35,1967,204,98.41,0,35,1967,204,81.74,0,35,1635,183,81.77,0,35,1635,183,81.7,0,35,1635,182,477.18,0,50,9600,736,477.18,0,50,9600,736
205,22250,10250,10.25,SYNTHETIC_EXAMPLE,autonomous,11.6748,33.9317,48.819,15.3499,12.8233,12661,95,0,98.13,0,35,1962,203,98.18,0,35,1962,204,98.18,0,35,1962,204,82.3,0,35,1646,183,82.32,0,35,1646,183,82.25,0,35,1646,183,477.6,0,50,9600,736,477.6,0,50,9600,736
206,22300,10300,10.3,SYNTHETIC_EXAMPLE,autonomous,12.2559,34.4345,49.43,15.3682,12.2124,12661,95,0,97.87,0,35,1957,203,97.91,0,35,1957,203,97.92,0,35,1957,203,82.79,0,35,1656,183,82.79,0,35,1656,183,82.72,0,35,1656,183,477.95,0,50,9600,736,477.95,0,50,9600,736
207,22350,10350,10.35,SYNTHETIC_EXAMPLE,autonomous,12.8424,34.9316,50.011,15.377,11.6251,12661,95,0,97.57,0,35,1950,203,97.59,0,35,1950,203,97.61,0,35,1950,203,83.21,0,35,1664,184,83.2,0,35,1664,184,83.13,0,35,1664,183,478.26,0,50,9600,736,478.26,0,50,9600,736
208,22400,10400,10.4,SYNTHETIC_EXAMPLE,autonomous,13.4339,35.4228,50.564,15.3763,11.0612,12661,95,0,97.23,0,35,1943,203,97.23,0,35,1943,203,97.26,0,35,1943,203,83.56,0,35,1671,184,83.53,0,35,1671,184,83.47,0,35,1671,184,478.52,0,50,9600,736,478.52,0,50,9600,736
209,22450,10450,10.45,SYNTHETIC_EXAMPLE,autonomous,14.0295,35.9081,51.09,15.3659,10.52,12661,95,0,96.84,0,35,1935,203,96.83,0,35,1935,203,96.87,0,35,1935,203,83.84,0,35,1676,184,83.8,0,35,1676,184,83.74,0,35,1676,184,478.74,0,50,9600,736,478.74,0,50,9600,736
210,22500,10500,10.5,SYNTHETIC_EXAMPLE,autonomous,14.6287,36.3874,51.59,15.3456,10.0011,12661,95,0,96.41,0,35,1927,202,96.38,0,35,1927,202,96.43,0,35,1927,202,84.05,0,35,1680,184,83.99,0,35,1680,184,83.94,0,35,1680,184,478.93,0,50,9600,736,478.93,0,50,9600,736
211,22550,10550,10.55,SYNTHETIC_EXAMPLE,autonomous,15.2307,36.8606,52.065,15.3154,9.5038,12661,95,0,95.93,0,35,1917,202,95.89,0,35,1917,202,95.94,0,35,1917,202,84.19,0,35,1683,184,84.11,0,35,1683,183,84.07,0,35,1683,183,479.09,0,50,9600,737,479.09,0,50,9600,737
212,22600,10600,10.6,SYNTHETIC_EXAMPLE,autonomous,15.8349,37.3277,52.517,15.2753,9.0276,12661,95,0,95.4,0,35,1906,201,95.35,0,35,1906,201,95.41,0,35,1906,201,84.25,0,35,1684,183,84.16,0,35,1684,183,84.13,0,35,1684,183,479.23,0,50,9600,737,479.23,0,50,9600,737
213,22650,10650,10.65,SYNTHETIC_EXAMPLE,autonomous,16.4408,37.7887,52.945,15.2252,8.5717,12661,95,0,94.83,0,35,1895,201,94.77,0,35,1895,201,94.84,0,35,1895,201,84.24,0,35,1684,183,84.14,0,35,1684,183,84.11,0,35,1684,183,479.34,0,50,9600,737,479.34,0,50,9600,737
214,22700,10700,10.7,SYNTHETIC_EXAMPLE,autonomous,17.0475,38.2435,53.352,15.1652,8.1356,12661,95,0,94.21,0,35,1882,200,94.14,0,35,1882,200,94.21,0,35,1882,200,84.17,0,35,1682,183,84.05,0,35,1682,183,84.03,0,35,1682,183,479.44,0,50,9600,737,479.44,0,50,9600,737
215,22750,10750,10.75,SYNTHETIC_EXAMPLE,autonomous,17.6546,38.6919,53.738,15.0954,7.7184,12661,95,0,93.55,0,35,1869,199,93.46,0,35,1869,199,93.54,0,35,1869,199,84.02,0,35,1679,183,83.89,0,35,1679,183,83.88,0,35,1679,183,479.53,0,50,9600,737,479.53,0,50,9600,737
216,22800,10800,10.8,SYNTHETIC_EXAMPLE,autonomous,18.2614,39.134,54.104,15.0158,7.3194,12661,95,0,92.84,0,35,1855,199,92.74,0,35,1855,198,92.82,0,35,1855,199,83.8,0,35,1675,183,83.66,0,35,1675,183,83.66,0,35,1675,183,479.6,0,50,9600,737,479.6,0,50,9600,737
217,22850,10850,10.85,SYNTHETIC_EXAMPLE,autonomous,18.8674,39.5698,54.451,14.9266,6.9381,12661,95,0,92.08,0,35,1840,198,91.97,0,35,1840,198,92.06,0,35,1840,198,83.52,0,35,1669,183,83.37,0,35,1669,183,83.38,0,35,1669,183,479.66,0,50,9600,737,479.66,0,50,9600,737
218,22900,10900,10.9,SYNTHETIC_EXAMPLE,autonomous,19.4718,39.9991,54.78,14.828,6.5737,12661,95,0,91.27,0,35,1824,197,91.16,0,35,1824,197,91.24,0,35,1824,197,83.17,0,35,1662,183,83.01,0,35,1662,183,83.03,0,35,1662,183,479.71,0,50,9600,737,479.71,0,50,9600,737
219,22950,10950,10.95,SYNTHETIC_EXAMPLE,autonomous,20.0743,40.4219,55.091,14.72,6.2256,12661,95,0,90.42,0,35,1807,196,90.3,0,35,1807,196,90.39,0,35,1807,196,82.75,0,35,1653,183,82.59,0,35,1653,183,82.61,0,35,1653,183,479.75,0,50,9600,737,479.75,0,50,9600,737
220,23000,11000,11.0,SYNTHETIC_EXAMPLE,autonomous,20.6741,40.8382,55.386,14.6029,5.893,12661,95,0,89.53,0,35,1789,195,89.4,0,35,1789,195,89.49,0,35,1789,195,82.27,0,35,1644,183,82.11,0,35,1644,182,82.13,0,35,1644,182,479.79,0,50,9600,737,479.79,0,50,9600,737
221,23050,11050,11.05,SYNTHETIC_EXAMPLE,autonomous,21.2708,41.2479,55.664,14.477,5.5755,12661,95,0,88.59,0,35,1770,194,88.46,0,35,1770,194,88.54,0,35,1770,194,81.72,0,35,1633,182,81.56,0,35,1633,182,81.6,0,35,1633,182,479.82,0,50,9600,737,479.82,0,50,9600,737
222,23100,11100,11.1,SYNTHETIC_EXAMPLE,autonomous,21.8639,41.651,55.928,14.3424,5.2723,12661,95,0,87.6,0,35,1751,193,87.48,0,35,1751,192,87.56,0,35,1751,193,81.12,0,35,1621,182,80.96,0,35,1621,181,81.0,0,35,1621,181,479.85,0,50,9600,737,479.85,0,50,9600,737
223,23150,11150,11.15,SYNTHETIC_EXAMPLE,autonomous,22.4529,42.0475,56.177,14.1994,4.9828,12661,95,0,86.58,0,35,1730,191,86.45,0,35,1730,191,86.53,0,35,1730,191,80.46,0,35,1608,181,80.3,0,35,1608,181,80.35,0,35,1608,181,479.87,0,50,9600,737,479.87,0,50,9600,737
224,23200,11200,11.2,SYNTHETIC_EXAMPLE,autonomous,23.0372,42.4373,56.412,14.0483,4.7066,12661,95,0,85.52,0,35,1709,190,85.39,0,35,1709,190,85.46,0,35,1709,190,79.74,0,35,1593,180,79.58,0,35,1593,180,79.64,0,35,1593,180,479.89,0,50,9600,737,479.89,0,50,9600,737
225,23250,11250,11.25,SYNTHETIC_EXAMPLE,autonomous,23.6165,42.8203,56.635,13.8894,4.4431,12661,95,0,84.41,0,35,1687,189,84.29,0,35,1687,189,84.36,0,35,1687,189,78.96,0,35,1578,179,78.81,0,35,1578,179,78.87,0,35,1578,179,479.91,0,50,9600,737,479.91,0,50,9600,737
226,23300,11300,11.3,SYNTHETIC_EXAMPLE,autonomous,24.1903,43.1966,56.844,13.7229,4.1917,12662,95,0,83.27,0,35,1664,187,83.15,0,35,1664,187,83.22,0,35,1664,187,78.14,0,35,1561,179,77.99,0,35,1561,178,78.06,0,35,1561,178,479.92,0,50,9600,737,479.92,0,50,9600,737
227,23350,11350,11.35,SYNTHETIC_EXAMPLE,autonomous,24.7581,43.5661,57.042,13.5492,3.9519,12662,95,0,82.1,0,35,1641,186,81.98,0,35,1641,186,82.04,0,35,1641,186,77.26,0,35,1544,178,77.12,0,35,1544,177,77.19,0,35,1544,177,479.93,0,50,9600,737,479.93,0,50,9600,737
228,23400,11400,11.4,SYNTHETIC_EXAMPLE,autonomous,25.3195,43.9289,57.228,13.3686,3.7233,12662,95,0,80.89,0,35,1617,184,80.77,0,35,1617,184,80.83,0,35,1617,184,76.33,0,35,1525,176,76.21,0,35,1525,176,76.28,0,35,1525,176,479.94,0,50,9600,737,479.94,0,50,9600,737
229,23450,11450,11.45,SYNTHETIC_EXAMPLE,autonomous,25.8742,44.2848,57.403,13.1813,3.5055,12662,95,0,79.65,0,35,1592,183,79.54,0,35,1592,183,79.59,0,35,1592,183,75.36,0,35,1506,175,75.25,0,35,1506,175,75.32,0,35,1506,175,479.95,0,50,9600,737,479.95,0,50,9600,737
230,23500,11500,11.5,SYNTHETIC_EXAMPLE,autonomous,26.4218,44.6338,57.568,12.9877,3.2979,12663,95,0,78.37,0,35,1567,181,78.27,0,35,1567,181,78.32,0,35,1567,181,74.35,0,35,1486,174,74.24,0,35,1486,174,74.31,0,35,1486,174,479.96,0,50,9600,737,479.96,0,50,9600,737
231,23550,11550,11.55,SYNTHETIC_EXAMPLE,autonomous,26.962,44.976,57.723,12.7882,3.1001,12663,95,0,77.07,0,35,1541,179,76.98,0,35,1541,179,77.02,0,35,1541,179,73.29,0,35,1465,173,73.2,0,35,1465,173,73.27,0,35,1465,173,479.96,0,50,9600,737,479.96,0,50,9600,737
232,23600,11600,11.6,SYNTHETIC_EXAMPLE,autonomous,27.4943,45.3113,57.869,12.583,2.9119,12663,95,0,75.74,0,35,1515,178,75.66,0,35,1515,178,75.69,0,35,1515,178,72.19,0,35,1443,172,72.12,0,35,1443,171,72.19,0,35,1443,171,479.97,0,50,9600,737,479.97,0,50,9600,737
233,23650,11650,11.65,SYNTHETIC_EXAMPLE,autonomous,28.0186,45.6397,58.005,12.3725,2.7327,12664,95,0,74.39,0,35,1488,176,74.31,0,35,1488,176,74.34,0,35,1488,176,71.06,0,35,1420,170,71.0,0,35,1420,170,71.07,0,35,1420,170,479.97,0,50,9600,737,479.97,0,50,9600,737
234,23700,11700,11.7,SYNTHETIC_EXAMPLE,autonomous,28.5345,45.9612,58.133,12.157,2.5622,12664,95,0,73.01,0,35,1460,174,72.95,0,35,1460,174,72.96,0,35,1460,174,69.89,0,35,1397,169,69.84,0,35,1397,169,69.91,0,35,1397,169,479.98,0,50,9600,737,479.98,0,50,9600,737
235,23750,11750,11.75,SYNTHETIC_EXAMPLE,autonomous,29.0417,46.2757,58.253,11.9368,2.4001,12664,95,0,71.61,0,35,1432,172,71.56,0,35,1432,172,71.57,0,35,1432,172,68.69,0,35,1373,167,68.66,0,35,1373,167,68.72,0,35,1373,167,479.98,0,50,9600,737,479.98,0,50,9600,737
236,23800,11800,11.8,SYNTHETIC_EXAMPLE,autonomous,29.54,46.5834,58.366,11.7124,2.2461,12665,95,0,70.19,0,35,1404,170,70.15,0,35,1404,170,70.15,0,35,1404,170,67.46,0,35,1349,166,67.44,0,35,1349,166,67.5,0,35,1349,166,479.98,0,50,9600,737,479.98,0,50,9600,737
237,23850,11850,11.85,SYNTHETIC_EXAMPLE,autonomous,30.0292,46.8841,58.471,11.4839,2.0998,12665,95,0,68.75,0,35,1376,168,68.72,0,35,1376,168,68.71,0,35,1376,168,66.2,0,35,1324,164,66.19,0,35,1324,164,66.25,0,35,1324,164,479.99,0,50,9600,737,479.99,0,50,9600,737
238,23900,11900,11.9,SYNTHETIC_EXAMPLE,autonomous,30.5089,47.1778,58.569,11.2518,1.9609,12666,95,0,67.29,0,35,1347,166,67.27,0,35,1347,166,67.26,0,35,1347,166,64.92,0,35,1298,162,64.92,0,35,1298,162,64.97,0,35,1298,162,479.99,0,50,9600,737,479.99,0,50,9600,737
239,23950,11950,11.95,SYNTHETIC_EXAMPLE,autonomous,30.9792,47.4647,58.66,11.0163,1.8291,12666,95,0,65.82,0,35,1317,165,65.82,0,35,1317,164,65.8,0,35,1317,164,63.61,0,35,1272,161,63.62,0,35,1272,161,63.67,0,35,1272,161,479.99,0,50,9600,737,479.99,0,50,9600,737
240,24000,12000,12.0,SYNTHETIC_EXAMPLE,autonomous,31.4396,47.7446,58.746,10.7778,1.7042,12666,95,0,64.34,0,35,1288,162,64.34,0,35,1288,162,64.32,0,35,1288,162,62.28,0,35,1246,159,62.31,0,35,1246,159,62.35,0,35,1246,159,479.99,0,50,9600,737,479.99,0,50,9600,737
241,24050,12050,12.05,SYNTHETIC_EXAMPLE,autonomous,31.8902,48.0177,58.825,10.5366,1.5859,12667,95,0,62.85,0,35,1258,160,62.86,0,35,1258,160,62.83,0,35,1258,160,60.93,0,35,1219,157,60.97,0,35,1219,157,61.0,0,35,1219,157,479.99,0,50,9600,737,479.99,0,50,9600,737
242,24100,12100,12.1,SYNTHETIC_EXAMPLE,autonomous,32.3307,48.2838,58.898,10.2929,1.4739,12667,95,0,61.34,0,35,1228,158,61.36,0,35,1228,158,61.33,0,35,1228,158,59.56,0,35,1192,155,59.61,0,35,1192,155,59.64,0,35,1192,155,479.99,0,50,9600,737,479.99,0,50,9600,737
243,24150,12150,12.15,SYNTHETIC_EXAMPLE,autonomous,32.761,48.543,58.967,10.0472,1.368,12668,95,0,59.83,0,35,1198,156,59.86,0,35,1198,156,59.83,0,35,1198,156,58.17,0,35,1164,153,58.23,0,35,1164,153,58.26,0,35,1164,153,479.99,0,50,9600,737,479.99,0,50,9600,737
244,24200,12200,12.2,SYNTHETIC_EXAMPLE,autonomous,33.181,48.7954,59.03,9.7997,1.2679,12668,95,0,58.32,0,35,1167,154,58.35,0,35,1167,154,58.31,0,35,1167,154,56.78,0,35,1136,151,56.84,0,35,1136,152,56.86,0,35,1136,152,480.0,0,50,9600,737,480.0,0,50,9600,737
245,24250,12250,12.25,SYNTHETIC_EXAMPLE,autonomous,33.5906,49.0409,59.089,9.5506,1.1735,12668,95,0,56.79,0,35,1137,152,56.83,0,35,1137,152,56.79,0,35,1137,152,55.37,0,35,1108,150,55.44,0,35,1108,150,55.46,0,35,1108,150,480.0,0,50,9600,737,480.0,0,50,9600,737
246,24300,12300,12.3,SYNTHETIC_EXAMPLE,autonomous,33.9897,49.2796,59.143,9.3003,1.0844,12669,95,0,55.27,0,35,1106,150,55.32,0,35,1106,150,55.27,0,35,1106,150,53.95,0,35,1080,148,54.03,0,35,1080,148,54.04,0,35,1080,148,480.0,0,50,9600,737,480.0,0,50,9600,737
247,24350,12350,12.35,SYNTHETIC_EXAMPLE,autonomous,34.3782,49.5115,59.193,9.0491,1.0005,12669,95,0,53.74,0,35,1076,148,53.79,0,35,1076,148,53.75,0,35,1076,148,52.52,0,35,1051,146,52.61,0,35,1051,146,52.61,0,35,1051,146,480.0,0,50,9600,737,480.0,0,50,9600,737
248,24400,12400,12.4,SYNTHETIC_EXAMPLE,autonomous,34.7561,49.7366,59.239,8.7972,0.9215,12670,95,0,52.21,0,35,1045,146,52.27,0,35,1045,146,52.22,0,35,1045,146,51.09,0,35,1023,144,51.17,0,35,1023,144,51.17,0,35,1023,144,480.0,0,50,9600,737,480.0,0,50,9600,737
249,24450,12450,12.45,SYNTHETIC_EXAMPLE,autonomous,35.1233,49.955,59.282,8.5449,0.8474,12670,95,0,50.68,0,35,1015,144,50.75,0,35,1015,144,50.7,0,35,1015,144,49.65,0,35,994,142,49.74,0,35,994,142,49.73,0,35,994,142,480.0,0,50,9600,737,480.0,0,50,9600,737
250,24500,12500,12.5,SYNTHETIC_EXAMPLE,autonomous,35.4798,50.1667,59.321,8.2924,0.7777,12671,95,0,49.16,0,35,984,141,49.22,0,35,984,142,49.18,0,35,984,141,48.21,0,35,965,140,48.3,0,35,965,140,48.29,0,35,965,140,480.0,0,50,9600,737,480.0,0,50,9600,737
251,24550,12550,12.55,SYNTHETIC_EXAMPLE,autonomous,35.8256,50.3717,59.356,8.04,0.7125,12671,95,0,47.64,0,35,954,139,47.7,0,35,954,139,47.66,0,35,954,139,46.76,0,35,936,138,46.85,0,35,936,138,46.84,0,35,936,138,480.0,0,50,9600,737,480.0,0,50,9600,737
252,24600,12600,12.6,SYNTHETIC_EXAMPLE,autonomous,36.1607,50.5701,59.389,7.788,0.6514,12672,95,0,46.12,0,35,923,137,46.19,0,35,923,137,46.15,0,35,923,137,45.32,0,35,907,136,45.41,0,35,907,136,45.39,0,35,907,136,480.0,0,50,9600,737,480.0,0,50,9600,737
253,24650,12650,12.65,SYNTHETIC_EXAMPLE,autonomous,36.485,50.7619,59.418,7.5366,0.5944,12672,95,0,44.61,0,35,893,135,44.68,0,35,893,135,44.64,0,35,893,135,43.88,0,35,878,134,43.97,0,35,878,134,43.95,0,35,878,134,480.0,0,50,9600,737,480.0,0,50,9600,737
254,24700,12700,12.7,SYNTHETIC_EXAMPLE,autonomous,36.7987,50.9471,59.446,7.2861,0.5411,12672,95,0,43.11,0,35,863,133,43.18,0,35,863,133,43.14,0,35,863,133,42.44,0,35,850,132,42.53,0,35,850,132,42.5,0,35,850,132,480.0,0,50,9600,737,480.0,0,50,9600,737
255,24750,12750,12.75,SYNTHETIC_EXAMPLE,autonomous,37.1017,51.1259,59.47,7.0366,0.4915,12673,95,0,41.62,0,35,833,131,41.68,0,35,833,131,41.64,0,35,833,131,41.01,0,35,821,130,41.09,0,35,821,130,41.06,0,35,821,130,480.0,0,50,9600,737,480.0,0,50,9600,737
256,24800,12800,12.8,SYNTHETIC_EXAMPLE,autonomous,37.3941,51.2983,59.492,6.7884,0.4454,12673,95,0,40.14,0,35,803,129,40.2,0,35,803,129,40.16,0,35,803,129,39.58,0,35,792,128,39.66,0,35,792,128,39.63,0,35,792,128,480.0,0,50,9600,737,480.0,0,50,9600,737
257,24850,12850,12.85,SYNTHETIC_EXAMPLE,autonomous,37.676,51.4643,59.512,6.5417,0.4026,12674,95,0,38.66,0,35,774,126,38.72,0,35,774,127,38.69,0,35,774,127,38.16,0,35,764,126,38.23,0,35,764,126,38.2,0,35,764,126,480.0,0,50,9600,737,480.0,0,50,9600,737
258,24900,12900,12.9,SYNTHETIC_EXAMPLE,autonomous,37.9473,51.624,59.531,6.2968,0.363,12674,95,0,37.2,0,35,745,124,37.26,0,35,745,124,37.23,0,35,745,124,36.75,0,35,736,124,36.81,0,35,736,124,36.78,0,35,736,124,480.0,0,50,9600,737,480.0,0,50,9600,737
259,24950,12950,12.95,SYNTHETIC_EXAMPLE,autonomous,38.2082,51.7774,59.547,6.0538,0.3264,12675,95,0,35.76,0,35,716,122,35.81,0,35,716,122,35.78,0,35,716,122,35.34,0,35,707,121,35.4,0,35,707,122,35.37,0,35,707,122,480.0,0,50,9600,737,480.0,0,50,9600,737
260,25000,13000,13.0,SYNTHETIC_EXAMPLE,autonomous,38.4588,51.9247,59.562,5.8129,0.2926,12675,95,0,34.33,0,35,687,120,34.37,0,35,687,120,34.35,0,35,687,120,33.95,0,35,680,119,34.0,0,35,680,120,33.97,0,35,680,120,480.0,0,50,9600,737,480.0,0,50,9600,737
261,25050,13050,13.05,SYNTHETIC_EXAMPLE,autonomous,38.6991,52.0659,59.575,5.5744,0.2615,12676,95,0,32.91,0,35,658,118,32.95,0,35,658,118,32.93,0,35,658,118,32.57,0,35,652,117,32.62,0,35,652,118,32.59,0,35,652,118,480.0,0,50,9600,737,480.0,0,50,9600,737
262,25100,13100,13.1,SYNTHETIC_EXAMPLE,autonomous,38.9293,52.201,59.586,5.3384,0.233,12676,95,0,31.51,0,35,630,116,31.55,0,35,630,116,31.53,0,35,630,116,31.21,0,35,625,116,31.25,0,35,625,116,31.22,0,35,625,116,480.0,0,50,9600,737,480.0,0,50,9600,737
263,25150,13150,13.15,SYNTHETIC_EXAMPLE,autonomous,39.1494,52.3302,59.597,5.1052,0.2069,12677,95,0,30.12,0,35,603,114,30.16,0,35,603,114,30.15,0,35,603,114,29.85,0,35,597,114,29.89,0,35,597,114,29.86,0,35,597,114,480.0,0,50,9600,737,480.0,0,50,9600,737
264,25200,13200,13.2,SYNTHETIC_EXAMPLE,autonomous,39.3597,52.4536,59.606,4.8749,0.1831,12677,95,0,28.76,0,35,575,112,28.79,0,35,575,112,28.78,0,35,575,112,28.52,0,35,571,112,28.55,0,35,571,112,28.52,0,35,571,112,480.0,0,50,9600,737,480.0,0,50,9600,737
265,25250,13250,13.25,SYNTHETIC_EXAMPLE,autonomous,39.5601,52.5711,59.614,4.6477,0.1614,12677,95,0,27.41,0,35,548,110,27.44,0,35,548,110,27.43,0,35,548,110,27.2,0,35,544,110,27.22,0,35,544,110,27.2,0,35,544,110,480.0,0,50,9600,737,480.0,0,50,9600,737
266,25300,13300,13.3,SYNTHETIC_EXAMPLE,autonomous,39.7509,52.683,59.621,4.4238,0.1417,12678,95,0,26.09,0,35,522,108,26.11,0,35,522,108,26.1,0,35,522,108,25.9,0,35,518,108,25.92,0,35,518,108,25.89,0,35,518,108,480.0,0,50,9600,737,480.0,0,50,9600,737
267,25350,13350,13.35,SYNTHETIC_EXAMPLE,autonomous,39.9323,52.7893,59.627,4.2034,0.1239,12678,95,0,24.78,0,35,496,106,24.8,0,35,496,106,24.8,0,35,496,106,24.62,0,35,493,106,24.63,0,35,493,106,24.61,0,35,493,106,480.0,0,50,9600,737,480.0,0,50,9600,737
268,25400,13400,13.4,SYNTHETIC_EXAMPLE,autonomous,40.1042,52.89,59.633,3.9867,0.1078,12679,95,0,23.5,0,35,470,104,23.51,0,35,470,104,23.51,0,35,470,104,23.36,0,35,467,104,23.36,0,35,467,104,23.34,0,35,467,104,480.0,0,50,9600,737,480.0,0,50,9600,737
269,25450,13450,13.45,SYNTHETIC_EXAMPLE,autonomous,40.267,52.9854,59.637,3.7737,0.0934,12679,95,0,22.24,0,35,445,102,22.25,0,35,445,102,22.25,0,35,445,102,22.12,0,35,442,102,22.12,0,35,442,102,22.1,0,35,442,102,480.0,0,50,9600,737,480.0,0,50,9600,737
270,25500,13500,13.5,SYNTHETIC_EXAMPLE,autonomous,40.4208,53.0755,59.641,3.5648,0.0805,12680,95,0,21.01,0,35,420,101,21.01,0,35,420,101,21.02,0,35,420,101,20.9,0,35,418,100,20.9,0,35,418,100,20.88,0,35,418,100,480.0,0,50,9600,737,480.0,0,50,9600,737
271,25550,13550,13.55,SYNTHETIC_EXAMPLE,autonomous,40.5658,53.1604,59.645,3.3601,0.069,12680,95,0,19.8,0,35,396,99,19.8,0,35,396,99,19.81,0,35,396,99,19.71,0,35,394,99,19.7,0,35,394,99,19.68,0,35,394,99,480.0,0,50,9600,737,480.0,0,50,9600,737
272,25600,13600,13.6,SYNTHETIC_EXAMPLE,autonomous,40.7021,53.2403,59.648,3.1597,0.0588,12680,95,0,18.62,0,35,372,97,18.62,0,35,372,97,18.62,0,35,372,97,18.54,0,35,371,97,18.53,0,35,371,97,18.51,0,35,371,97,480.0,0,50,9600,737,480.0,0,50,9600,737
273,25650,13650,13.65,SYNTHETIC_EXAMPLE,autonomous,40.83,53.3151,59.65,2.9638,0.0498,12681,95,0,17.46,0,35,349,95,17.46,0,35,349,95,17.46,0,35,349,95,17.39,0,35,348,95,17.38,0,35,348,95,17.37,0,35,348,95,480.0,0,50,9600,737,480.0,0,50,9600,737
274,25700,13700,13.7,SYNTHETIC_EXAMPLE,autonomous,40.9496,53.3852,59.652,2.7726,0.0419,12681,95,0,16.33,0,35,326,94,16.33,0,35,326,94,16.34,0,35,326,94,16.27,0,35,325,93,16.26,0,35,325,93,16.25,0,35,325,93,480.0,0,50,9600,737,480.0,0,50,9600,737
275,25750,13750,13.75,SYNTHETIC_EXAMPLE,autonomous,41.0612,53.4505,59.654,2.5863,0.035,12681,95,0,15.23,0,35,304,92,15.22,0,35,304,92,15.23,0,35,304,92,15.18,0,35,304,92,15.17,0,35,304,92,15.16,0,35,304,92,480.0,0,50,9600,737,480.0,0,50,9600,737
276,25800,13800,13.8,SYNTHETIC_EXAMPLE,autonomous,41.165,53.5113,59.655,2.405,0.0291,12682,95,0,14.16,0,35,283,90,14.15,0,35,283,90,14.16,0,35,283,90,14.12,0,35,282,90,14.11,0,35,282,90,14.1,0,35,282,90,480.0,0,50,9600,737,480.0,0,50,9600,737
277,25850,13850,13.85,SYNTHETIC_EXAMPLE,autonomous,41.2612,53.5676,59.657,2.2289,0.0239,12682,95,0,13.13,0,35,262,89,13.11,0,35,262,89,13.12,0,35,262,89,13.09,0,35,262,88,13.07,0,35,262,88,13.07,0,35,262,88,479.64,0,50,9551,738,479.64,0,50,9551,738
278,25900,13900,13.9,SYNTHETIC_EXAMPLE,autonomous,41.35,53.6196,59.658,2.0581,0.0195,12682,95,0,12.12,0,35,242,87,12.11,0,35,242,87,12.12,0,35,242,87,12.09,0,35,242,87,12.07,0,35,242,87,12.07,0,35,242,87,478.27,0,50,9411,741,478.27,0,50,9411,741
279,25950,13950,13.95,SYNTHETIC_EXAMPLE,autonomous,41.4317,53.6674,59.658,1.8929,0.0157,12682,95,0,11.14,0,35,223,85,11.13,0,35,223,85,11.14,0,35,223,85,11.12,0,35,222,85,11.1,0,35,222,85,11.1,0,35,222,85,475.44,0,50,9187,745,475.44,0,50,9187,745
280,26000,14000,14.0,SYNTHETIC_EXAMPLE,autonomous,41.5065,53.7111,59.659,1.7333,0.0125,12682,95,0,10.2,0,35,204,84,10.19,0,35,204,84,10.2,0,35,204,84,10.19,0,35,204,84,10.17,0,35,204,84,10.17,0,35,204,84,470.79,0,50,8889,747,470.79,0,50,8889,747
281,26050,14050,14.05,SYNTHETIC_EXAMPLE,autonomous,41.5746,53.751,59.66,1.5796,0.0099,12682,95,0,9.3,0,35,186,83,9.29,0,35,186,83,9.3,0,35,186,83,9.29,0,35,186,83,9.27,0,35,186,82,9.27,0,35,186,82,464.1,0,50,8524,748,464.1,0,50,8524,748
282,26100,14100,14.1,SYNTHETIC_EXAMPLE,autonomous,41.6364,53.7872,59.66,1.432,0.0077,12683,95,0,8.43,0,35,168,81,8.42,0,35,168,81,8.42,0,35,168,81,8.42,0,35,168,81,8.4,0,35,168,81,8.4,0,35,168,81,455.23,0,50,8100,747,455.23,0,50,8100,747
283,26150,14150,14.15,SYNTHETIC_EXAMPLE,autonomous,41.6921,53.8198,59.66,1.2905,0.0059,12683,95,0,7.59,0,35,152,80,7.58,0,35,152,80,7.59,0,35,152,80,7.59,0,35,152,80,7.57,0,35,152,80,7.58,0,35,152,80,444.15,0,50,7626,742,444.15,0,50,7626,742
284,26200,14200,14.2,SYNTHETIC_EXAMPLE,autonomous,41.742,53.849,59.66,1.1554,0.0045,12684,95,0,6.8,0,35,136,78,6.79,0,35,136,78,6.8,0,35,136,78,6.79,0,35,136,78,6.78,0,35,136,78,6.78,0,35,136,78,430.86,0,50,7111,735,430.86,0,50,7111,735
285,26250,14250,14.25,SYNTHETIC_EXAMPLE,autonomous,41.7863,53.8749,59.661,1.0269,0.0033,12686,95,0,6.04,0,35,121,77,6.03,0,35,121,77,6.04,0,35,121,77,6.04,0,35,121,77,6.03,0,35,121,77,6.03,0,35,121,77,415.45,0,50,6562,724,415.45,0,50,6562,724
286,26300,14300,14.3,SYNTHETIC_EXAMPLE,autonomous,41.8253,53.8978,59.661,0.905,0.0024,12687,95,0,5.32,0,35,106,76,5.32,0,35,106,76,5.32,0,35,106,76,5.32,0,35,106,76,5.31,0,35,106,76,5.31,0,35,106,76,398.05,0,50,5989,709,398.05,0,50,5989,709
287,26350,14350,14.35,SYNTHETIC_EXAMPLE,autonomous,41.8594,53.9177,59.661,0.79,0.0017,12689,95,0,4.65,0,35,93,75,4.64,0,35,93,75,4.64,0,35,93,75,4.65,0,35,93,75,4.64,0,35,93,75,4.64,0,35,93,75,378.83,0,50,5399,691,378.83,0,50,5399,691
288,26400,14400,14.4,SYNTHETIC_EXAMPLE,autonomous,41.8889,53.935,59.661,0.6821,0.0012,12691,95,0,4.01,0,35,80,74,4.01,0,35,80,74,4.01,0,35,80,74,4.01,0,35,80,74,4.0,0,35,80,74,4.01,0,35,80,74,358.01,0,50,4800,670,358.01,0,50,4800,670
289,26450,14450,14.45,SYNTHETIC_EXAMPLE,autonomous,41.914,53.9496,59.661,0.5814,0.0008,12693,95,0,3.42,0,35,68,73,3.41,0,35,68,73,3.42,0,35,68,73,3.42,0,35,68,73,3.41,0,35,68,73,3.42,0,35,68,73,335.81,0,50,4201,646,335.81,0,50,4201,646
290,26500,14500,14.5,SYNTHETIC_EXAMPLE,autonomous,41.935,53.962,59.661,0.4881,0.0005,12696,95,0,2.87,0,35,57,72,2.87,0,35,57,72,2.87,0,35,57,72,2.87,0,35,57,72,2.87,0,35,57,72,2.87,0,35,57,72,312.53,0,50,3611,619,312.53,0,50,3611,619
291,26550,14550,14.55,SYNTHETIC_EXAMPLE,autonomous,41.9524,53.9721,59.661,0.4024,0.0003,12699,95,0,2.37,0,35,47,71,2.36,0,35,47,71,2.36,0,35,47,71,2.37,0,35,47,71,2.36,0,35,47,71,2.36,0,35,47,71,288.43,0,50,3037,589,288.43,0,50,3037,589
292,26600,14600,14.6,SYNTHETIC_EXAMPLE,autonomous,41.9664,53.9803,59.661,0.3244,0.0002,12702,95,0,1.91,0,35,38,70,1.9,0,35,38,70,1.91,0,35,38,70,1.91,0,35,38,70,1.91,0,35,38,70,1.91,0,35,38,70,263.83,0,50,2489,557,263.83,0,50,2489,557
293,26650,14650,14.65,SYNTHETIC_EXAMPLE,autonomous,41.9774,53.9868,59.661,0.2544,0.0001,12705,95,0,1.5,0,35,30,69,1.49,0,35,30,69,1.49,0,35,30,69,1.5,0,35,30,69,1.49,0,35,30,69,1.5,0,35,30,69,239.06,0,50,1974,524,239.06,0,50,1974,524
294,26700,14700,14.7,SYNTHETIC_EXAMPLE,autonomous,41.9857,53.9916,59.661,0.1925,0.0,12708,95,0,1.13,0,35,23,68,1.13,0,35,23,68,1.13,0,35,23,68,1.13,0,35,23,68,1.13,0,35,23,68,1.13,0,35,23,68,214.45,0,50,1500,488,214.45,0,50,1500,488
295,26750,14750,14.75,SYNTHETIC_EXAMPLE,autonomous,41.9917,53.9951,59.661,0.1389,0.0,12711,95,0,0.82,0,35,16,68,0.82,0,35,16,68,0.82,0,35,16,68,0.82,0,35,16,68,0.82,0,35,16,68,0.82,0,35,16,68,190.36,0,50,1076,452,190.36,0,50,1076,452
296,26800,14800,14.8,SYNTHETIC_EXAMPLE,autonomous,41.9957,53.9975,59.661,0.0937,0.0,12715,95,0,0.55,0,35,11,67,0.55,0,35,11,67,0.55,0,35,11,67,0.55,0,35,11,67,0.55,0,35,11,67,0.55,0,35,11,67,167.14,0,50,711,415,167.14,0,50,711,415
297,26850,14850,14.85,SYNTHETIC_EXAMPLE,autonomous,41.9982,53.9989,59.661,0.0572,0.0,12718,95,0,0.34,0,35,7,67,0.34,0,35,7,67,0.34,0,35,7,67,0.34,0,35,7,67,0.34,0,35,7,67,0.34,0,35,7,67,145.16,0,50,412,378,145.16,0,50,412,378
298,26900,14900,14.9,SYNTHETIC_EXAMPLE,autonomous,41.9995,53.9997,59.661,0.0296,0.0,12722,95,0,0.17,0,35,3,66,0.17,0,35,3,66,0.17,0,35,3,66,0.17,0,35,3,66,0.17,0,35,3,66,0.17,0,35,3,66,124.8,0,50,189,342,124.8,0,50,189,342
299,26950,14950,14.95,SYNTHETIC_EXAMPLE,autonomous,41.9999,54.0,59.661,0.011,0.0,12725,95,0,0.06,0,35,1,66,0.06,0,35,1,66,0.06,0,35,1,66,0.06,0,35,1,66,0.06,0,35,1,66,0.06,0,35,1,66,106.45,0,50,49,306,106.45,0,50,49,306
300,27000,15000,15.0,SYNTHETIC_EXAMPLE,autonomous,42.0,54.0,59.661,0.0016,0.0,12728,95,0,0.01,0,35,0,65,0.01,0,35,0,65,0.01,0,35,0,65,0.01,0,35,0,65,0.01,0,35,0,65,0.01,0,35,0,65,90.48,0,50,0,272,90.48,0,50,0,272
